"timestamp","ip","http_host","url","port","application","tag","redirect_target","category"
"2019-05-04 12:00:09","46.30.215.180","www.jacquestrifin.be","/","80","http","htaccess-infected-webserver-leads-to-zuponcic","golfforkids.assistlist.com","redirect-to-malware"
"2019-05-04 12:00:12","46.30.215.11","upetterbeek.be","/","80","http","htaccess-infected-webserver-leads-to-zuponcic","upetterbeek.be","redirect-to-malware"
"2019-05-04 12:00:28","85.13.152.178","www.dynasun.com","/","80","http","htaccess-infected-webserver-leads-to-zuponcic","www.dynasun.com","redirect-to-malware"
"2019-05-04 12:00:32","192.116.109.121","www.agliran.co.il","/","80","http","htaccess-infected-webserver-leads-to-zuponcic","www.agliran.co.il","redirect-to-malware"
"2019-05-04 12:00:44","192.99.161.26","www.aca-uccle.be","/","80","http","htaccess-infected-webserver-leads-to-zuponcic","omonkhegbele.wenerdhard.com","redirect-to-malware"
"2019-05-04 12:00:52","46.30.215.11","www.upetterbeek.be","/","80","http","htaccess-infected-webserver-leads-to-zuponcic","www.upetterbeek.be","redirect-to-malware"
"2019-05-04 12:01:02","157.7.144.5","1980622.com","/","80","http","htaccess-infected-webserver-leads-to-zuponcic","trafficsources.org","redirect-to-malware"
"2019-05-04 12:01:12","200.170.151.200","afag.com.br","/","80","http","htaccess-infected-webserver-leads-to-zuponcic","travelmeant.net","redirect-to-malware"
"2019-05-04 12:01:15","191.252.48.39","agirazul.com.br","/","80","http","htaccess-infected-webserver-leads-to-zuponcic","lewisentitled.com","redirect-to-malware"
"2019-05-04 12:01:16","77.105.36.226","agroservis.rs","/","80","http","htaccess-infected-webserver-leads-to-zuponcic","voictoall.com","redirect-to-malware"
"2019-05-04 12:01:33","45.79.222.138","arlington.ph","/","80","http","htaccess-infected-webserver-leads-to-zuponcic","plt2t.com","redirect-to-malware"
"2019-05-04 12:01:40","219.84.217.10","avionhome.com.tw","/","80","http","htaccess-infected-webserver-leads-to-zuponcic","intronetech.com","redirect-to-malware"
"2019-05-04 12:01:58","72.172.132.43","blackcanyoncoffee.com","/","80","http","htaccess-infected-webserver-leads-to-zuponcic","blackcanyoncoffee.com","redirect-to-malware"
"2019-05-04 12:02:01","213.186.33.18","blog.autourdeminuit.com","/","80","http","htaccess-infected-webserver-leads-to-zuponcic","trackallnet.com","redirect-to-malware"
"2019-05-04 12:02:06","136.243.80.165","bluewingz.com","/","80","http","htaccess-infected-webserver-leads-to-zuponcic","metromanias.com","redirect-to-malware"
"2019-05-04 12:02:37","79.124.76.10","cdcookingbook.com","/","80","http","htaccess-infected-webserver-leads-to-zuponcic","severalcamp.com","redirect-to-malware"
"2019-05-04 12:03:21","107.181.169.73","d-math1.com","/","80","http","htaccess-infected-webserver-leads-to-zuponcic","d-math1.com","redirect-to-malware"
"2019-05-04 12:03:32","46.30.215.100","duikeninzutphen.nl","/","80","http","htaccess-infected-webserver-leads-to-zuponcic","trialworld.net","redirect-to-malware"
"2019-05-04 12:03:46","79.124.76.10","eniaktesting.com","/","80","http","htaccess-infected-webserver-leads-to-zuponcic","severalcamp.com","redirect-to-malware"
"2019-05-04 12:03:47","64.71.33.129","equestrianinfluence.com","/","80","http","htaccess-infected-webserver-leads-to-zuponcic","capitalinformer.com","redirect-to-malware"
"2019-05-04 12:03:50","182.18.145.17","exclusivesms.com","/","80","http","htaccess-infected-webserver-leads-to-zuponcic","ifteiha.lions-mark.com","redirect-to-malware"
"2019-05-04 12:03:51","217.198.114.93","ezkahuda.cz","/","80","http","htaccess-infected-webserver-leads-to-zuponcic","costslaid.com","redirect-to-malware"
"2019-05-04 12:03:54","66.147.240.193","famedomain.com","/","80","http","htaccess-infected-webserver-leads-to-zuponcic","metromanias.com","redirect-to-malware"
"2019-05-04 12:04:06","181.214.31.157","forum.auto.am","/","80","http","htaccess-infected-webserver-leads-to-zuponcic","witchwyd.bestsilvercufflinks.com","redirect-to-malware"
"2019-05-04 12:04:42","173.254.28.119","harlawacademy.org","/","80","http","htaccess-infected-webserver-leads-to-zuponcic","teethalong.org","redirect-to-malware"
"2019-05-04 12:05:28","206.188.193.120","janeece.com","/","80","http","htaccess-infected-webserver-leads-to-zuponcic","virtualmapping.org","redirect-to-malware"
"2019-05-04 12:05:41","187.45.240.68","karavelle.com.br","/","80","http","htaccess-infected-webserver-leads-to-zuponcic","britts.oharvest.net","redirect-to-malware"
"2019-05-04 12:05:56","82.118.24.217","kw-dl.com","/","80","http","htaccess-infected-webserver-leads-to-zuponcic","trafficsources.org","redirect-to-malware"
"2019-05-04 12:06:04","187.45.193.220","leandromauricio.com","/","80","http","htaccess-infected-webserver-leads-to-zuponcic","trafficsources.org","redirect-to-malware"
"2019-05-04 12:06:36","67.23.254.129","mile2000.com","/","80","http","htaccess-infected-webserver-leads-to-zuponcic","infernomag.com","redirect-to-malware"
"2019-05-04 12:06:54","207.21.228.180","myexfuzeoffice.com","/","80","http","htaccess-infected-webserver-leads-to-zuponcic","batilekaleka.laallstars.com","redirect-to-malware"
"2019-05-04 12:07:08","54.153.111.129","ncpo.cc","/","80","http","htaccess-infected-webserver-leads-to-zuponcic","travelmeant.net","redirect-to-malware"
"2019-05-04 12:07:17","107.180.41.171","northbatonrougejournal.com","/","80","http","htaccess-infected-webserver-leads-to-zuponcic","severalcamp.com","redirect-to-malware"
"2019-05-04 12:07:39","87.98.239.19","perca.pl","/","80","http","htaccess-infected-webserver-leads-to-zuponcic","trafficsources.org","redirect-to-malware"
"2019-05-04 12:07:42","162.213.3.199","php2.twinner.com.tw","/","80","http","htaccess-infected-webserver-leads-to-zuponcic","36446.flatblastard.com","redirect-to-malware"
"2019-05-04 12:07:46","112.213.87.130","phuongdanhvonghe.edu.vn","/","80","http","htaccess-infected-webserver-leads-to-zuponcic","everybodynames.org","redirect-to-malware"
"2019-05-04 12:07:48","213.186.33.19","pileus.fr","/","80","http","htaccess-infected-webserver-leads-to-zuponcic","severalcamp.com","redirect-to-malware"
"2019-05-04 12:07:52","63.247.141.235","pmmilrec.com","/","80","http","htaccess-infected-webserver-leads-to-zuponcic","elinah.midnightastronomy.com","redirect-to-malware"
"2019-05-04 12:07:55","119.59.104.32","pntc.ac.th","/","80","http","htaccess-infected-webserver-leads-to-zuponcic","twowayserf.com","redirect-to-malware"
"2019-05-04 12:08:01","199.67.250.59","police.moraga.ca.us","/","80","http","htaccess-infected-webserver-leads-to-zuponcic","clubshop.boeckman.net","redirect-to-malware"
"2019-05-04 12:08:19","217.160.223.120","radiogurbeti.com","/","80","http","htaccess-infected-webserver-leads-to-zuponcic","radiogurbeti.com","redirect-to-malware"
"2019-05-04 12:08:39","74.50.4.239","reimagery.com","/","80","http","htaccess-infected-webserver-leads-to-zuponcic","stiepcic.z-sat.com","redirect-to-malware"
"2019-05-04 12:08:54","66.147.240.186","rose.kuro-tejina.com","/","80","http","htaccess-infected-webserver-leads-to-zuponcic","intronetech.com","redirect-to-malware"
"2019-05-04 12:09:39","176.31.222.193","sseo.elk.pl","/","80","http","htaccess-infected-webserver-leads-to-zuponcic","sseo.elk.pl","redirect-to-malware"
"2019-05-04 12:09:43","74.208.236.193","stillcatholic.com","/","80","http","htaccess-infected-webserver-leads-to-zuponcic","stillcatholic.com","redirect-to-malware"
"2019-05-04 12:09:47","94.152.142.131","stw-eu.com","/","80","http","htaccess-infected-webserver-leads-to-zuponcic","stw-eu.com","redirect-to-malware"
"2019-05-04 12:09:52","85.128.202.101","syrena.gminanekla.pl","/","80","http","htaccess-infected-webserver-leads-to-zuponcic","apartliberal.com","redirect-to-malware"
"2019-05-04 12:10:58","50.62.27.1","watchourvideo.net","/","80","http","htaccess-infected-webserver-leads-to-zuponcic","formedtouch.com","redirect-to-malware"
"2019-05-04 12:10:59","46.242.242.32","wbu.wroc.pl","/","80","http","htaccess-infected-webserver-leads-to-zuponcic","travelmeant.net","redirect-to-malware"
"2019-05-04 12:11:14","46.242.145.96","wodzirejka.com.pl","/","80","http","htaccess-infected-webserver-leads-to-zuponcic","formedtouch.com","redirect-to-malware"
"2019-05-04 12:11:17","217.160.0.237","workpanel.de","/","80","http","htaccess-infected-webserver-leads-to-zuponcic","creighton.wenerdhard.com","redirect-to-malware"
"2019-05-04 12:11:31","66.147.242.95","www.actiogen.com","/","80","http","htaccess-infected-webserver-leads-to-zuponcic","teethalong.org","redirect-to-malware"
"2019-05-04 12:11:42","77.232.69.164","www.alhassanain.com","/","80","http","htaccess-infected-webserver-leads-to-zuponcic","travelmeant.net","redirect-to-malware"
"2019-05-04 12:11:49","74.63.193.170","www.alnimrexpo.com","/","80","http","htaccess-infected-webserver-leads-to-zuponcic","severalcamp.com","redirect-to-malware"
"2019-05-04 12:12:06","203.174.34.49","www.apmc.com.hk","/","80","http","htaccess-infected-webserver-leads-to-zuponcic","capitalinformer.com","redirect-to-malware"
"2019-05-04 12:12:09","45.79.222.138","www.arlington.ph","/","80","http","htaccess-infected-webserver-leads-to-zuponcic","plt2t.com","redirect-to-malware"
"2019-05-04 12:13:10","217.160.0.240","www.bodasexclusivas.com","/","80","http","htaccess-infected-webserver-leads-to-zuponcic","compass.automotiveeventregistration.com","redirect-to-malware"
"2019-05-04 12:14:06","76.74.158.89","www.choice.md","/","80","http","htaccess-infected-webserver-leads-to-zuponcic","www.choice.md","redirect-to-malware"
"2019-05-04 12:14:36","156.54.179.186","www.comune.santa-maria-capua-vetere.ce.it","/","80","http","htaccess-infected-webserver-leads-to-zuponcic","www.comune.santa-maria-capua-vetere.ce.it","redirect-to-malware"
"2019-05-04 12:14:45","138.197.103.178","www.creatingyourfreedom.com","/","80","http","htaccess-infected-webserver-leads-to-zuponcic","www.afternic.com","redirect-to-malware"
"2019-05-04 12:14:46","46.182.5.20","www.creativ-art1.com","/","80","http","htaccess-infected-webserver-leads-to-zuponcic","www.creativ-art1.com","redirect-to-malware"
"2019-05-04 12:15:12","45.79.222.138","www.depednaga.com.ph","/","80","http","htaccess-infected-webserver-leads-to-zuponcic","plt2t.com","redirect-to-malware"
"2019-05-04 12:15:38","217.160.0.254","www.doctorhelp.de","/","80","http","htaccess-infected-webserver-leads-to-zuponcic","switchett.virtualsofts.com","redirect-to-malware"
"2019-05-04 12:15:48","95.173.182.184","www.dreamboxturk.com","/","80","http","htaccess-infected-webserver-leads-to-zuponcic","www.dreamboxturk.com","redirect-to-malware"
"2019-05-04 12:15:58","69.89.31.137","www.dulceselsombreron.com","/","80","http","htaccess-infected-webserver-leads-to-zuponcic","www.dulceselsombreron.com","redirect-to-malware"
"2019-05-04 12:16:15","124.150.132.6","www.ejmii.com","/","80","http","htaccess-infected-webserver-leads-to-zuponcic","www.ejmii.com","redirect-to-malware"
"2019-05-04 12:16:24","208.113.213.71","www.elsiedesigns.com","/","80","http","htaccess-infected-webserver-leads-to-zuponcic","allintercom.net","redirect-to-malware"
"2019-05-04 12:16:25","162.241.216.23","www.enimex.gr","/","80","http","htaccess-infected-webserver-leads-to-zuponcic","trafficsources.org","redirect-to-malware"
"2019-05-04 12:16:39","62.149.140.104","www.farmasanmodababy.com","/","80","http","htaccess-infected-webserver-leads-to-zuponcic","metromanias.com","redirect-to-malware"
"2019-05-04 12:16:40","63.111.67.20","www.fatherlinh.com","/","80","http","htaccess-infected-webserver-leads-to-zuponcic","germanattention.org","redirect-to-malware"
"2019-05-04 12:16:51","104.24.105.54","www.fishingtackleindia.com","/","80","http","htaccess-infected-webserver-leads-to-zuponcic","urladyms.newlogiq.com","redirect-to-malware"
"2019-05-04 12:17:11","31.186.8.63","www.freesure.com.tr","/","80","http","htaccess-infected-webserver-leads-to-zuponcic","earlyanswered.com","redirect-to-malware"
"2019-05-04 12:17:16","94.136.160.106","www.freilandschwein.info","/","80","http","htaccess-infected-webserver-leads-to-zuponcic","earlyanswered.com","redirect-to-malware"
"2019-05-04 12:17:33","64.70.19.52","www.geoffwhite.ws","/","80","http","htaccess-infected-webserver-leads-to-zuponcic","trackallnet.com","redirect-to-malware"
"2019-05-04 12:17:44","159.69.61.92","www.greenfieldadvisorsltd.com","/","80","http","htaccess-infected-webserver-leads-to-zuponcic","www.greenfieldadvisorsltd.com","redirect-to-malware"
"2019-05-04 12:18:10","89.221.250.12","www.highsport.se","/","80","http","htaccess-infected-webserver-leads-to-zuponcic","www.highsport.se","redirect-to-malware"
"2019-05-04 12:18:26","217.76.132.246","www.hostal3soles.com","/","80","http","htaccess-infected-webserver-leads-to-zuponcic","besidesdream.com","redirect-to-malware"
"2019-05-04 12:18:30","97.74.143.124","www.hostpix.de","/","80","http","htaccess-infected-webserver-leads-to-zuponcic","www.hostpix.de","redirect-to-malware"
"2019-05-04 12:18:56","111.118.181.161","www.ijerd.com","/","80","http","htaccess-infected-webserver-leads-to-zuponcic","verzeroli.outbreakm3dia.com","redirect-to-malware"
"2019-05-04 12:19:27","81.17.57.46","www.jalba.gr","/","80","http","htaccess-infected-webserver-leads-to-zuponcic","watchingsquare.com","redirect-to-malware"
"2019-05-04 12:19:44","208.180.24.52","www.jtcomms.com","/","80","http","htaccess-infected-webserver-leads-to-zuponcic","www.jtcomms.com","redirect-to-malware"
"2019-05-04 12:19:49","187.45.240.68","www.karavelle.com.br","/","80","http","htaccess-infected-webserver-leads-to-zuponcic","britts.oharvest.net","redirect-to-malware"
"2019-05-04 12:20:29","216.251.32.98","www.larcheedmonton.org","/","80","http","htaccess-infected-webserver-leads-to-zuponcic","capitalinformer.com","redirect-to-malware"
"2019-05-04 12:20:56","162.255.164.228","www.lipika.com","/","80","http","htaccess-infected-webserver-leads-to-zuponcic","www.lipika.com","redirect-to-malware"
"2019-05-04 12:21:04","217.160.0.152","www.log-in-verlag.de","/","80","http","htaccess-infected-webserver-leads-to-zuponcic","www.log-in-verlag.de","redirect-to-malware"
"2019-05-04 12:21:37","85.13.140.101","www.mazus-art.com","/","80","http","htaccess-infected-webserver-leads-to-zuponcic","allintercom.net","redirect-to-malware"
"2019-05-04 12:22:22","80.94.98.99","www.msm.mc","/","80","http","htaccess-infected-webserver-leads-to-zuponcic","poserio.thecaregrouppc.net","redirect-to-malware"
"2019-05-04 12:22:30","173.209.47.104","www.mywoom.com","/","80","http","htaccess-infected-webserver-leads-to-zuponcic","virtualmapping.org","redirect-to-malware"
"2019-05-04 12:22:44","192.169.196.1","www.neonconcursos.com.br","/","80","http","htaccess-infected-webserver-leads-to-zuponcic","www.neonconcursos.com.br","redirect-to-malware"
"2019-05-04 12:23:21","216.250.121.2","www.oo5.com","/","80","http","htaccess-infected-webserver-leads-to-zuponcic","uglyugly.savedalyfield.com","redirect-to-malware"
"2019-05-04 12:23:46","217.160.223.120","www.pfotenranch.de","/","80","http","htaccess-infected-webserver-leads-to-zuponcic","zaquitsha.vetsingreensboro.com","redirect-to-malware"
"2019-05-04 12:24:50","217.160.223.120","www.radiogurbeti.com","/","80","http","htaccess-infected-webserver-leads-to-zuponcic","www.radiogurbeti.com","redirect-to-malware"
"2019-05-04 12:25:15","81.169.145.81","www.rgjassociation.info","/","80","http","htaccess-infected-webserver-leads-to-zuponcic","www.rgjassociation.info","redirect-to-malware"
"2019-05-04 12:25:21","82.163.73.59","www.rich.co.ke","/","80","http","htaccess-infected-webserver-leads-to-zuponcic","www.rich.co.ke","redirect-to-malware"
"2019-05-04 12:25:36","212.227.171.163","www.rollershop.de","/","80","http","htaccess-infected-webserver-leads-to-zuponcic","www.rollershop.de","redirect-to-malware"
"2019-05-04 12:25:52","194.8.30.56","www.santuariodalapa.pt","/","80","http","htaccess-infected-webserver-leads-to-zuponcic","tixon.theafternoonjoker.com","redirect-to-malware"
"2019-05-04 12:26:19","67.222.22.117","www.sdfbd.org","/","80","http","htaccess-infected-webserver-leads-to-zuponcic","handsexual.com","redirect-to-malware"
"2019-05-04 12:26:58","202.28.24.105","www.sri.cmu.ac.th","/","80","http","htaccess-infected-webserver-leads-to-zuponcic","www.sri.cmu.ac.th","redirect-to-malware"
"2019-05-04 12:27:19","69.90.25.210","www.successinteaching.info","/","80","http","htaccess-infected-webserver-leads-to-zuponcic","protechere.com","redirect-to-malware"
"2019-05-04 12:28:05","74.208.215.229","www.therapiehyperbare.com","/","80","http","htaccess-infected-webserver-leads-to-zuponcic","tagipur.mrsstyleseeker.com","redirect-to-malware"
"2019-05-04 12:28:13","66.96.149.32","www.timelessimagesmi.com","/","80","http","htaccess-infected-webserver-leads-to-zuponcic","abusalewm.exceltoner.com","redirect-to-malware"
"2019-05-04 12:29:15","217.160.0.174","www.vfbhermsdorf.de","/","80","http","htaccess-infected-webserver-leads-to-zuponcic","www.vfbhermsdorf.de","redirect-to-malware"
"2019-05-04 12:29:17","79.99.5.164","www.vidvanern.se","/","80","http","htaccess-infected-webserver-leads-to-zuponcic","usnai.restoremystuff.com","redirect-to-malware"
"2019-05-04 12:29:25","95.142.65.77","www.vitaminbude.de","/","80","http","htaccess-infected-webserver-leads-to-zuponcic","www.vitaminbude.de","redirect-to-malware"
"2019-05-04 12:29:32","74.208.236.230","www.wallyontheweb.com","/","80","http","htaccess-infected-webserver-leads-to-zuponcic","www.wallyontheweb.com","redirect-to-malware"
"2019-05-04 12:29:34","216.250.121.102","www.wcgconline.net","/","80","http","htaccess-infected-webserver-leads-to-zuponcic","keniisha.realdealpsychic.com","redirect-to-malware"
"2019-05-04 12:29:54","77.92.75.4","www.wonderwhistle.co.uk","/","80","http","htaccess-infected-webserver-leads-to-zuponcic","infernomag.com","redirect-to-malware"
"2019-05-04 12:30:09","144.76.45.43","www.zoeblitzer-natursteine.de","/","80","http","htaccess-infected-webserver-leads-to-zuponcic","besidesdream.com","redirect-to-malware"
