,,0,1,2,3,4
asn,values,26496,6939,40034,16276,46606
,counts,882,638,522,445,438
autonomous_system_name,values,"HVFOPSERVER-AS, UA","NTCOM-AS, RU","LIQUIDWEB - Liquid Web, L.L.C, US","MTW-AS, RU","HETZNER-AS, DE"
,counts,44,25,18,16,14
category,values,general malware,spyware,phishing,fraud,ransomware
,counts,2030309,338911,222435,197743,136184
cc,values,US,RU,FR,DE,TR
,counts,55267,6822,6045,4372,4289
date,values,3/23/15 20:29,4/24/16 6:49,5/25/16 3:00,11/27/15 5:13,4/23/16 3:00
,counts,2952,2607,2238,1523,1170
description,values,,,,,
,counts,,,,,
filetype,values,hta,zip,exe,doc,elf
,counts,343999,281775,227913,32514,31500
ip,values,65.254.248.93,199.79.62.228,184.168.47.225,103.21.59.171,199.79.63.90
,counts,6103,5481,2974,1783,978
md5,values,cf28320bf297dadc31406788511a3ccf,821db42aed5076881f1ccf04fb9f3025, e7e5e904c73fd86cdc51b4435a15364d, b202a52dae6a75950e8b74f45c001abb,5b4bd24d6240f467bfbc74803c9f15b0
,counts,43,31,13,11,9
origin_country,values,UNITED STATES,RUSSIA,FRANCE,GERMANY,TURKEY
,counts,55267,6822,6045,4372,4289
registrar,values,Eranet International Limited,"GODADDY.COM, LLC",KEY-SYSTEMS GMBH,PDR LTD. D/B/A PUBLICDOMAINREGISTRY.COM,"ENOM, INC."
,counts,2890,2350,1321,812,799
reverse_lookup,values,lh22450.voxility.net.,customer.worldstream.nl.,a96-17-161-137.deploy.akamaitechnologies.com.,web-vip-it.eu.tiscali.it.,a96-17-161-145.deploy.akamaitechnologies.com.
,counts,159,66,50,48,48
scraper,values,HostsFileNet,GeneralMalware,UrlhausPayloads2,UrlhausPayloads1,Spyware
,counts,697130,537670,467236,456847,338911
sha256,values,45bdc10d3b9f0bb691a64d0ebec02face27c7e3db586ce8adf695277559782fb,e868587336caf9de91f7b1c2ac5ccb09efeb199b37749037ce879ca46eddb1aa,c7aa2df34c3e8bf24b9422e3c5cbc80b15fa18bacb1df36b268a32401397ce1b,eb00bee57564fc4519f3c2f3afe99df905bacc2d35c7717aa3fc747b5285a89c,9080dd5d871c741a9d75c62ba5aa25d462f13d6521bce2205fe82baddd74a3f2
,counts,68,67,67,67,67
status,values,offline,online,unknown,,
,counts,204652,20895,20,,
url,values,http://ngyusa.com/systems/htabukas.hta,http://ngyusa.com/systems/htanelson.hta,http://ngyusa.com/systems/htazeco.hta,http://ngyusa.com/payment/htaallofus.hta,http://ngyusa.com/payment/htazeco.hta
,counts,24355,24022,23468,22130,22026
year,values,2019,2018,2015,2016,2017
,counts,710781,477307,103321,43497,11093
year-month,values,2019-04,2019-03,2018-11,2018-10,2019-02
,counts,274791,217775,105993,102631,97130
year-month-day,values,4/24/19,3/30/19,4/27/19,4/25/19,4/17/19
,counts,17928,17015,16895,16740,16082