i,4540
permalink,3779
positives,3779
resource,4540
response_code,4540
scan_date,3779
scan_id,3780
scans.ALYac.detected,3361
scans.ALYac.result,1797
scans.ALYac.update,3361
scans.ALYac.version,3361
scans.AVG.detected,3772
scans.AVG.result,2409
scans.AVG.update,3772
scans.AVG.version,3772
scans.AVware.detected,1140
scans.AVware.result,1051
scans.AVware.update,1140
scans.AVware.version,1140
scans.Acronis.detected,671
scans.Acronis.result,579
scans.Acronis.update,671
scans.Acronis.version,671
scans.Ad-Aware.detected,3691
scans.Ad-Aware.result,2099
scans.Ad-Aware.update,3691
scans.Ad-Aware.version,3691
scans.AegisLab.detected,3769
scans.AegisLab.result,1326
scans.AegisLab.update,3769
scans.AegisLab.version,3769
scans.Agnitum.detected,846
scans.Agnitum.result,730
scans.Agnitum.update,846
scans.Agnitum.version,846
scans.AhnLab-V3.detected,3772
scans.AhnLab-V3.result,2510
scans.AhnLab-V3.update,3772
scans.AhnLab-V3.version,3772
scans.Alibaba.detected,2735
scans.Alibaba.result,231
scans.Alibaba.update,2735
scans.Alibaba.version,2735
scans.AntiVir.detected,53
scans.AntiVir.result,52
scans.AntiVir.update,53
scans.AntiVir.version,53
scans.Antiy-AVL.detected,3753
scans.Antiy-AVL.result,2294
scans.Antiy-AVL.update,3753
scans.Antiy-AVL.version,3753
scans.Arcabit.detected,3677
scans.Arcabit.result,2598
scans.Arcabit.update,3677
scans.Arcabit.version,3677
scans.Avast-Mobile.detected,2718
scans.Avast-Mobile.result,95
scans.Avast-Mobile.update,2718
scans.Avast-Mobile.version,2718
scans.Avast.detected,3767
scans.Avast.result,2373
scans.Avast.update,3767
scans.Avast.version,3767
scans.Avira.detected,3635
scans.Avira.result,2384
scans.Avira.update,3635
scans.Avira.version,3635
scans.Babable.detected,2555
scans.Babable.result,9
scans.Babable.update,2555
scans.Babable.version,2555
scans.Baidu-International.detected,945
scans.Baidu-International.result,513
scans.Baidu-International.update,945
scans.Baidu-International.version,945
scans.Baidu.detected,2936
scans.Baidu.result,532
scans.Baidu.update,2936
scans.Baidu.version,2936
scans.BitDefender.detected,3779
scans.BitDefender.result,2832
scans.BitDefender.update,3779
scans.BitDefender.version,3779
scans.Bkav.detected,3583
scans.Bkav.result,530
scans.Bkav.update,3583
scans.Bkav.version,3583
scans.ByteHero.detected,843
scans.ByteHero.result,14
scans.ByteHero.update,843
scans.ByteHero.version,843
scans.CAT-QuickHeal.detected,3779
scans.CAT-QuickHeal.result,1291
scans.CAT-QuickHeal.update,3779
scans.CAT-QuickHeal.version,3779
scans.CMC.detected,3725
scans.CMC.result,245
scans.CMC.update,3725
scans.CMC.version,3725
scans.ClamAV.detected,3746
scans.ClamAV.result,2307
scans.ClamAV.update,3746
scans.ClamAV.version,3746
scans.Commtouch.detected,53
scans.Commtouch.result,52
scans.Commtouch.update,53
scans.Commtouch.version,53
scans.Comodo.detected,3723
scans.Comodo.result,1231
scans.Comodo.update,3723
scans.Comodo.version,3662
scans.CrowdStrike.detected,910
scans.CrowdStrike.result,861
scans.CrowdStrike.update,910
scans.CrowdStrike.version,910
scans.Cybereason.detected,797
scans.Cybereason.result,660
scans.Cybereason.update,796
scans.Cybereason.version,791
scans.Cylance.detected,639
scans.Cylance.result,593
scans.Cylance.update,639
scans.Cylance.version,639
scans.Cyren.detected,3726
scans.Cyren.result,2769
scans.Cyren.update,3726
scans.Cyren.version,3726
scans.DrWeb.detected,3775
scans.DrWeb.result,2417
scans.DrWeb.update,3775
scans.DrWeb.version,3773
scans.ESET-NOD32.detected,3779
scans.ESET-NOD32.result,3089
scans.ESET-NOD32.update,3779
scans.ESET-NOD32.version,3779
scans.Emsisoft.detected,3766
scans.Emsisoft.result,3077
scans.Emsisoft.update,3766
scans.Emsisoft.version,3766
scans.Endgame.detected,1164
scans.Endgame.result,1111
scans.Endgame.update,1164
scans.Endgame.version,1164
scans.F-Prot.detected,3455
scans.F-Prot.result,1457
scans.F-Prot.update,3455
scans.F-Prot.version,3455
scans.F-Secure.detected,3726
scans.F-Secure.result,2348
scans.F-Secure.update,3726
scans.F-Secure.version,3726
scans.FireEye.detected,1789
scans.FireEye.result,1015
scans.FireEye.update,1789
scans.FireEye.version,1789
scans.Fortinet.detected,3779
scans.Fortinet.result,2385
scans.Fortinet.update,3779
scans.Fortinet.version,3779
scans.GData.detected,3775
scans.GData.result,3167
scans.GData.update,3775
scans.GData.version,3775
scans.Ikarus.detected,3625
scans.Ikarus.result,2857
scans.Ikarus.update,3625
scans.Ikarus.version,3625
scans.Invincea.detected,938
scans.Invincea.result,870
scans.Invincea.update,938
scans.Invincea.version,938
scans.Jiangmin.detected,3778
scans.Jiangmin.result,989
scans.Jiangmin.update,3778
scans.Jiangmin.version,3778
scans.K7AntiVirus.detected,3779
scans.K7AntiVirus.result,2657
scans.K7AntiVirus.update,3779
scans.K7AntiVirus.version,3779
scans.K7GW.detected,3777
scans.K7GW.result,2653
scans.K7GW.update,3777
scans.K7GW.version,3777
scans.Kaspersky.detected,3777
scans.Kaspersky.result,3202
scans.Kaspersky.update,3777
scans.Kaspersky.version,3777
scans.Kingsoft.detected,3221
scans.Kingsoft.result,136
scans.Kingsoft.update,3221
scans.Kingsoft.version,3221
scans.MAX.detected,2644
scans.MAX.result,1454
scans.MAX.update,2644
scans.MAX.version,2644
scans.Malwarebytes.detected,3750
scans.Malwarebytes.result,1588
scans.Malwarebytes.update,3750
scans.Malwarebytes.version,3750
scans.MaxSecure.detected,749
scans.MaxSecure.result,46
scans.MaxSecure.update,749
scans.MaxSecure.version,749
scans.McAfee-GW-Edition.detected,3774
scans.McAfee-GW-Edition.result,3095
scans.McAfee-GW-Edition.update,3774
scans.McAfee-GW-Edition.version,3774
scans.McAfee.detected,3779
scans.McAfee.result,3101
scans.McAfee.update,3779
scans.McAfee.version,3779
scans.MicroWorld-eScan.detected,3773
scans.MicroWorld-eScan.result,2344
scans.MicroWorld-eScan.update,3773
scans.MicroWorld-eScan.version,3773
scans.Microsoft.detected,3778
scans.Microsoft.result,3120
scans.Microsoft.update,3778
scans.Microsoft.version,3778
scans.NANO-Antivirus.detected,3779
scans.NANO-Antivirus.result,2712
scans.NANO-Antivirus.update,3779
scans.NANO-Antivirus.version,3779
scans.Norman.detected,98
scans.Norman.result,87
scans.Norman.update,98
scans.Norman.version,98
scans.Paloalto.detected,851
scans.Paloalto.result,641
scans.Paloalto.update,851
scans.Paloalto.version,851
scans.Panda.detected,3778
scans.Panda.result,1718
scans.Panda.update,3778
scans.Panda.version,3778
scans.Qihoo-360.detected,3682
scans.Qihoo-360.result,2835
scans.Qihoo-360.update,3682
scans.Qihoo-360.version,3682
scans.Rising.detected,3672
scans.Rising.result,1532
scans.Rising.update,3669
scans.Rising.version,3672
scans.SUPERAntiSpyware.detected,3779
scans.SUPERAntiSpyware.result,584
scans.SUPERAntiSpyware.update,3779
scans.SUPERAntiSpyware.version,3779
scans.SentinelOne.detected,1138
scans.SentinelOne.result,981
scans.SentinelOne.update,1138
scans.SentinelOne.version,1138
scans.Sophos.detected,3752
scans.Sophos.result,2672
scans.Sophos.update,3752
scans.Sophos.version,3752
scans.Symantec.detected,3502
scans.Symantec.result,1799
scans.Symantec.update,3502
scans.Symantec.version,3502
scans.SymantecMobileInsight.detected,2
scans.SymantecMobileInsight.result,2
scans.SymantecMobileInsight.update,2
scans.SymantecMobileInsight.version,2
scans.TACHYON.detected,2668
scans.TACHYON.result,463
scans.TACHYON.update,2668
scans.TACHYON.version,2668
scans.Tencent.detected,3671
scans.Tencent.result,1566
scans.Tencent.update,3671
scans.Tencent.version,3671
scans.TheHacker.detected,3779
scans.TheHacker.result,313
scans.TheHacker.update,3779
scans.TheHacker.version,3758
scans.TotalDefense.detected,3716
scans.TotalDefense.result,217
scans.TotalDefense.update,3716
scans.TotalDefense.version,3716
scans.Trapmine.detected,673
scans.Trapmine.result,525
scans.Trapmine.update,673
scans.Trapmine.version,673
scans.TrendMicro-HouseCall.detected,3644
scans.TrendMicro-HouseCall.result,2332
scans.TrendMicro-HouseCall.update,3644
scans.TrendMicro-HouseCall.version,3644
scans.TrendMicro.detected,3350
scans.TrendMicro.result,2638
scans.TrendMicro.update,3350
scans.TrendMicro.version,3350
scans.Trustlook.detected,1786
scans.Trustlook.result,0
scans.Trustlook.update,1786
scans.Trustlook.version,1786
scans.VBA32.detected,3779
scans.VBA32.result,1318
scans.VBA32.update,3779
scans.VBA32.version,3777
scans.VIPRE.detected,2172
scans.VIPRE.result,1408
scans.VIPRE.update,2127
scans.VIPRE.version,2172
scans.ViRobot.detected,3778
scans.ViRobot.result,901
scans.ViRobot.update,3778
scans.ViRobot.version,3778
scans.Webroot.detected,674
scans.Webroot.result,491
scans.Webroot.update,674
scans.Webroot.version,674
scans.WhiteArmor.detected,28
scans.WhiteArmor.result,6
scans.WhiteArmor.update,28
scans.WhiteArmor.version,3
scans.Yandex.detected,2910
scans.Yandex.result,646
scans.Yandex.update,2910
scans.Yandex.version,2910
scans.Zillya.detected,3529
scans.Zillya.result,1074
scans.Zillya.update,3529
scans.Zillya.version,3529
scans.ZoneAlarm.detected,2745
scans.ZoneAlarm.result,2286
scans.ZoneAlarm.update,2745
scans.ZoneAlarm.version,2745
scans.Zoner.detected,3753
scans.Zoner.result,539
scans.Zoner.update,3753
scans.Zoner.version,3753
scans.eGambit.detected,810
scans.eGambit.result,177
scans.eGambit.update,810
scans.eGambit.version,687
scans.nProtect.detected,1094
scans.nProtect.result,474
scans.nProtect.update,1093
scans.nProtect.version,1093
sha1,3779
total,3779
url,3813
verbose_msg,4540
md5,4488
sha256,3831
scans.ALYac.year,3361
scans.ALYac.year-month,3361
scans.AVG.year,3772
scans.AVG.year-month,3772
scans.AVware.year,1140
scans.AVware.year-month,1140
scans.Acronis.year,671
scans.Acronis.year-month,671
scans.Ad-Aware.year,3691
scans.Ad-Aware.year-month,3691
scans.AegisLab.year,3769
scans.AegisLab.year-month,3769
scans.Agnitum.year,846
scans.Agnitum.year-month,846
scans.AhnLab-V3.year,3772
scans.AhnLab-V3.year-month,3772
scans.Alibaba.year,2735
scans.Alibaba.year-month,2735
scans.AntiVir.year,53
scans.AntiVir.year-month,53
scans.Antiy-AVL.year,3753
scans.Antiy-AVL.year-month,3753
scans.Arcabit.year,3677
scans.Arcabit.year-month,3677
scans.Avast-Mobile.year,2718
scans.Avast-Mobile.year-month,2718
scans.Avast.year,3767
scans.Avast.year-month,3767
scans.Avira.year,3635
scans.Avira.year-month,3635
scans.Babable.year,2555
scans.Babable.year-month,2555
scans.Baidu-International.year,945
scans.Baidu-International.year-month,945
scans.Baidu.year,2936
scans.Baidu.year-month,2936
scans.BitDefender.year,3779
scans.BitDefender.year-month,3779
scans.Bkav.year,3583
scans.Bkav.year-month,3583
scans.ByteHero.year,843
scans.ByteHero.year-month,843
scans.CAT-QuickHeal.year,3779
scans.CAT-QuickHeal.year-month,3779
scans.CMC.year,3725
scans.CMC.year-month,3725
scans.ClamAV.year,3746
scans.ClamAV.year-month,3746
scans.Commtouch.year,53
scans.Commtouch.year-month,53
scans.Comodo.year,3723
scans.Comodo.year-month,3723
scans.CrowdStrike.year,910
scans.CrowdStrike.year-month,910
scans.Cybereason.year,796
scans.Cybereason.year-month,796
scans.Cylance.year,639
scans.Cylance.year-month,639
scans.Cyren.year,3726
scans.Cyren.year-month,3726
scans.DrWeb.year,3775
scans.DrWeb.year-month,3775
scans.ESET-NOD32.year,3779
scans.ESET-NOD32.year-month,3779
scans.Emsisoft.year,3766
scans.Emsisoft.year-month,3766
scans.Endgame.year,1164
scans.Endgame.year-month,1164
scans.F-Prot.year,3455
scans.F-Prot.year-month,3455
scans.F-Secure.year,3726
scans.F-Secure.year-month,3726
scans.FireEye.year,1789
scans.FireEye.year-month,1789
scans.Fortinet.year,3779
scans.Fortinet.year-month,3779
scans.GData.year,3775
scans.GData.year-month,3775
scans.Ikarus.year,3625
scans.Ikarus.year-month,3625
scans.Invincea.year,938
scans.Invincea.year-month,938
scans.Jiangmin.year,3778
scans.Jiangmin.year-month,3778
scans.K7AntiVirus.year,3779
scans.K7AntiVirus.year-month,3779
scans.K7GW.year,3777
scans.K7GW.year-month,3777
scans.Kaspersky.year,3777
scans.Kaspersky.year-month,3777
scans.Kingsoft.year,3221
scans.Kingsoft.year-month,3221
scans.MAX.year,2644
scans.MAX.year-month,2644
scans.Malwarebytes.year,3750
scans.Malwarebytes.year-month,3750
scans.MaxSecure.year,749
scans.MaxSecure.year-month,749
scans.McAfee-GW-Edition.year,3774
scans.McAfee-GW-Edition.year-month,3774
scans.McAfee.year,3779
scans.McAfee.year-month,3779
scans.MicroWorld-eScan.year,3773
scans.MicroWorld-eScan.year-month,3773
scans.Microsoft.year,3778
scans.Microsoft.year-month,3778
scans.NANO-Antivirus.year,3779
scans.NANO-Antivirus.year-month,3779
scans.Norman.year,98
scans.Norman.year-month,98
scans.Paloalto.year,851
scans.Paloalto.year-month,851
scans.Panda.year,3778
scans.Panda.year-month,3778
scans.Qihoo-360.year,3682
scans.Qihoo-360.year-month,3682
scans.Rising.year,3669
scans.Rising.year-month,3669
scans.SUPERAntiSpyware.year,3779
scans.SUPERAntiSpyware.year-month,3779
scans.SentinelOne.year,1138
scans.SentinelOne.year-month,1138
scans.Sophos.year,3752
scans.Sophos.year-month,3752
scans.Symantec.year,3502
scans.Symantec.year-month,3502
scans.SymantecMobileInsight.year,2
scans.SymantecMobileInsight.year-month,2
scans.TACHYON.year,2668
scans.TACHYON.year-month,2668
scans.Tencent.year,3671
scans.Tencent.year-month,3671
scans.TheHacker.year,3779
scans.TheHacker.year-month,3779
scans.TotalDefense.year,3716
scans.TotalDefense.year-month,3716
scans.Trapmine.year,673
scans.Trapmine.year-month,673
scans.TrendMicro-HouseCall.year,3644
scans.TrendMicro-HouseCall.year-month,3644
scans.TrendMicro.year,3350
scans.TrendMicro.year-month,3350
scans.Trustlook.year,1786
scans.Trustlook.year-month,1786
scans.VBA32.year,3779
scans.VBA32.year-month,3779
scans.VIPRE.year,2127
scans.VIPRE.year-month,2127
scans.ViRobot.year,3778
scans.ViRobot.year-month,3778
scans.Webroot.year,674
scans.Webroot.year-month,674
scans.WhiteArmor.year,28
scans.WhiteArmor.year-month,28
scans.Yandex.year,2910
scans.Yandex.year-month,2910
scans.Zillya.year,3529
scans.Zillya.year-month,3529
scans.ZoneAlarm.year,2745
scans.ZoneAlarm.year-month,2745
scans.Zoner.year,3753
scans.Zoner.year-month,3753
scans.eGambit.year,810
scans.eGambit.year-month,810
scans.nProtect.year,1093
scans.nProtect.year-month,1093
