autonomous_system_name,"[nan, 'NTCOM-AS, RU', 'TEAM-HOST AS, RU', 'GALAXYDATA, RU', 'HVFOPSERVER-AS, UA', 'LIMESTONENETWORKS - Limestone Networks, Inc., US', 'LIQUIDWEB - Liquid Web, L.L.C, US', 'INTERTELECOM, UA', 'MTW-AS, RU', 'NAZWA, PL', 'OVH, FR', 'EXBCOID-AS-AP PT. EXABYTES NETWORK INDONESIA, ID', 'DIGITALOCEAN-ASN - DigitalOcean, LLC, US', 'HETZNER-AS, DE', 'IS-AS-1 - Interserver, Inc, US', 'SELECTEL, RU', 'SPACENET-AS Internet Service Provider, RU', 'MELBICOM-EU-AS Melbikomas UAB, NL', 'SUPERSERVERSDATACENTER, RU', 'CLOUDFLARENET - Cloudflare, Inc., US', 'TRADERSOFT, RU']"
category,"['general malware', 'ransomware', 'botnet', nan, 'fraud', 'virus', 'spyware', 'phishing', 'exploit', 'hijack', 'misleading_marketing', 'pup']"
cc,"[nan, 'AU', 'US', 'GB', 'RU', 'DE', 'CH', 'NL', 'AT', 'IT', 'FR', 'CA', 'UA', 'TR', 'JP', 'RO', 'LV', 'KZ', 'BG', 'ES', 'IPNF', 'PT', 'EE', 'IE', 'PL', 'CZ', 'VG', 'VN', 'IR', 'ZA', 'IN', 'SG', 'ID', 'TW', 'DK', 'BA', 'TH', 'HU', 'HR', 'MY', 'SI', 'GR', 'HK', 'SE', 'BE', 'CL', 'BR', 'NZ', 'BZ', 'EU', 'CN', 'KR', 'GE', 'SK', 'AR', 'MX', 'ZW', 'CY', 'LT', 'MA', 'IL', 'BY', 'BD', 'PH', 'SC', 'KY', 'NO', 'CM', 'PK', 'EG', 'TN', 'IS', 'SY', 'SA', 'LU', 'AE', 'FI', 'BO', 'CO', 'RS', 'PE', 'MD', 'VE', 'GT', 'PA', 'KE', 'UNKNOWN', 'HT', 'CR', 'NOTFOUND', 'LI', 'TZ', 'LY', 'MW', 'UZ', 'AZ', 'IM', 'UY', 'KW', 'EC']"
date,"[numpy.datetime64('2019-05-05T06:27:27.000000000'), numpy.datetime64('2019-05-05T06:27:30.000000000'), numpy.datetime64('2019-05-05T06:27:32.000000000'), numpy.datetime64('2019-05-05T06:27:33.000000000'), numpy.datetime64('2019-05-05T06:27:35.000000000'), numpy.datetime64('2019-05-05T06:27:36.000000000'), numpy.datetime64('2019-05-05T06:28:02.000000000'), numpy.datetime64('2019-05-05T06:28:04.000000000'), numpy.datetime64('2019-05-05T06:28:05.000000000'), numpy.datetime64('2019-05-05T06:28:06.000000000'), numpy.datetime64('2019-05-05T06:34:03.000000000'), numpy.datetime64('2019-05-05T06:34:04.000000000'), numpy.datetime64('2019-05-05T06:34:05.000000000'), numpy.datetime64('2019-05-05T06:34:08.000000000'), numpy.datetime64('2019-05-05T06:34:11.000000000'), numpy.datetime64('2019-05-05T06:34:12.000000000'), numpy.datetime64('2019-05-05T06:34:14.000000000'), numpy.datetime64('2019-05-05T06:34:15.000000000'), numpy.datetime64('2019-05-05T06:35:03.000000000'), numpy.datetime64('2019-05-05T06:35:04.000000000'), numpy.datetime64('2019-05-05T06:35:06.000000000'), numpy.datetime64('2019-05-05T06:35:08.000000000'), numpy.datetime64('2019-05-05T06:35:10.000000000'), numpy.datetime64('2019-05-05T06:35:11.000000000'), numpy.datetime64('2019-05-05T06:35:12.000000000'), numpy.datetime64('2019-05-05T06:44:05.000000000'), numpy.datetime64('2019-05-05T07:01:32.000000000'), numpy.datetime64('2019-05-05T07:06:31.000000000'), numpy.datetime64('2019-05-05T07:10:32.000000000'), numpy.datetime64('2019-05-05T07:14:31.000000000'), numpy.datetime64('2019-05-05T07:27:32.000000000'), numpy.datetime64('2019-05-05T07:28:32.000000000'), numpy.datetime64('2019-05-05T07:28:37.000000000'), numpy.datetime64('2019-05-05T07:32:32.000000000'), numpy.datetime64('2019-05-05T09:52:02.000000000'), numpy.datetime64('2019-05-05T11:38:28.000000000'), numpy.datetime64('2019-05-05T11:56:02.000000000'), numpy.datetime64('2019-05-05T12:15:04.000000000'), numpy.datetime64('2019-05-05T14:24:05.000000000'), numpy.datetime64('2019-05-05T14:24:06.000000000'), numpy.datetime64('2019-05-05T14:51:03.000000000'), numpy.datetime64('2019-05-05T14:55:04.000000000'), numpy.datetime64('2019-05-05T14:55:06.000000000'), numpy.datetime64('2019-05-05T14:59:07.000000000'), numpy.datetime64('2019-05-05T14:59:08.000000000'), numpy.datetime64('2019-05-05T15:03:17.000000000'), numpy.datetime64('2019-05-05T15:10:08.000000000'), numpy.datetime64('2019-05-05T15:14:34.000000000'), numpy.datetime64('2019-05-05T15:15:03.000000000'), numpy.datetime64('2019-05-05T15:31:02.000000000'), numpy.datetime64('2019-05-05T15:31:05.000000000'), numpy.datetime64('2019-05-05T15:31:25.000000000'), numpy.datetime64('2019-05-05T15:31:37.000000000'), numpy.datetime64('2019-05-05T15:36:08.000000000'), numpy.datetime64('2019-05-05T15:36:10.000000000'), numpy.datetime64('2019-05-05T15:36:18.000000000'), numpy.datetime64('2019-05-05T15:40:03.000000000'), numpy.datetime64('2019-05-05T15:40:04.000000000'), numpy.datetime64('2019-05-05T15:44:03.000000000'), numpy.datetime64('2019-05-05T17:06:06.000000000'), numpy.datetime64('2019-05-05T17:06:08.000000000'), numpy.datetime64('2019-05-05T17:10:03.000000000'), numpy.datetime64('2019-05-05T17:14:03.000000000'), numpy.datetime64('2019-05-05T17:14:07.000000000'), numpy.datetime64('2019-05-05T17:19:04.000000000'), numpy.datetime64('2019-05-05T17:59:04.000000000'), numpy.datetime64('2019-05-05T18:00:04.000000000'), numpy.datetime64('2019-05-05T18:00:06.000000000'), numpy.datetime64('2019-05-05T18:01:15.000000000'), numpy.datetime64('2019-05-05T19:04:06.000000000'), numpy.datetime64('2019-05-05T19:04:07.000000000'), numpy.datetime64('2019-05-05T19:08:04.000000000'), numpy.datetime64('2019-05-05T19:16:58.000000000'), numpy.datetime64('2019-05-05T19:25:30.000000000'), numpy.datetime64('2019-05-05T19:29:03.000000000'), numpy.datetime64('2019-05-05T19:45:22.000000000'), numpy.datetime64('2019-05-05T19:45:25.000000000'), numpy.datetime64('2019-05-05T19:49:04.000000000'), numpy.datetime64('2019-05-05T19:49:10.000000000'), numpy.datetime64('2019-05-05T19:53:06.000000000'), numpy.datetime64('2019-05-05T19:53:10.000000000'), numpy.datetime64('2019-05-05T19:53:14.000000000'), numpy.datetime64('2019-05-05T19:53:19.000000000'), numpy.datetime64('2019-05-05T19:53:23.000000000'), numpy.datetime64('2019-05-05T19:54:12.000000000'), numpy.datetime64('2019-05-05T19:58:06.000000000'), numpy.datetime64('2019-05-05T19:58:09.000000000'), numpy.datetime64('2019-05-05T19:58:14.000000000'), numpy.datetime64('2019-05-05T19:58:17.000000000'), numpy.datetime64('2019-05-05T19:58:20.000000000'), numpy.datetime64('2019-05-05T19:58:23.000000000'), numpy.datetime64('2019-05-05T19:58:29.000000000'), numpy.datetime64('2019-05-05T19:58:33.000000000'), numpy.datetime64('2019-05-05T20:07:02.000000000'), numpy.datetime64('2019-05-05T20:07:03.000000000'), numpy.datetime64('2019-05-05T20:07:04.000000000'), numpy.datetime64('2019-05-05T20:11:02.000000000'), numpy.datetime64('2019-05-05T20:11:03.000000000'), numpy.datetime64('2019-05-05T20:11:04.000000000'), numpy.datetime64('2019-05-05T20:12:02.000000000')]"
filetype,"[nan, 'hta', 'zip', 'exe', 'doc', 'elf', 'rar', 'rtf', 'jar', '7z', 'ps', 'ace', 'docx', 'js', 'ELF', 'xml']"
md5,"[nan, '41e7e06a5ea224945314fe091091fb96', '19ab3e7cd84e977d975ef90b103b59d0', 'cb22681d0f803dd40c9f4f6d3c21ff55', 'f1cc5845d78487412b388a32692e134f', '003a05d07dcb9ac12f6ee190e1e636d5', '21c1da25e02a17f5dc268afedd184e13', '76b24591ff9e4dea1259c83a4e292ca8', '4951b45fdc8e42d1b369ab146c58fe20', '26fbe75a465bc480ff24e6299c9e77fa', '5085f9807b16fd20fa2a253751f8cc13', 'e94f8f1c08a83705493efe8b5f96b7d2', 'aa370016e2f3a0975afa841f01cb765f', 'a249d1aa28b05c261335b350dcd7befc', '699cb8c7ff203d01ea15a4f31380c1b5', 'b54ab522adc103efd3936f4c436f741c', '03df50740e638b37fc1c0ed5ee4d8d82', 'bb21967ab3df86ed496d535fb537e3a7', '002f15a397359b7541d20f12c043940a', '5a75384a09b055133495a03069dc9ecf', '9fd40db072348763f6137516ca95d7b9', '344fc1e07694fd5cdbd3b239898c94ed', '9bd6d4048174860bee10d232167dd481', '7a577aa4579992d699afdbea2d5cb463', '61fd91f118aa9b8766303a0fd65c18a5', 'd9f7d1e1b69173202e7949866952539d', 'b90a0ea3f0293dc7acfc01119363616f', '16aaf2c17552ea487381a98d7f44901f', '25d19a5b499baff601210c2a7b9fbfc0', 'cbf0e9c73378b4d3f18e8a600f4ef607', 'f9d1f50266b3c3dd6a2716c887d6ff72', '4bf73ae189a07ce10be9652b215a20fd', '73ef93613e109c396bc98d15cdef6815', '4e70549ee6ed8ba49d6292daf35baddd', '52e021115d0b54b508f5890541c66346', '155aee28afeb70474ad728f4a85f95e6', '8609520bfe67457042b2e8574d72d984', '5b7a1f843139381df2f0e35a7e2238c9', '68daf90e4e314158bbbc239d5f0fa581', 'c174ab5f81c8d5aa797fe34b976c03b8', 'bb03e0c348d6ef97f48fb920b647610f', '19236901b879e4370d5f522cc9b2cd86', 'd5c7adf978628e1c8f5e5647bd2fa28e', '4cc3308750b21664242fdf7b41437097', 'df8a8f17e3a8fca179c82d9800493cd1', '756ac2e0781bbdc50231244280030683', '43882468eaf977d03deb5c4337bad1ba', '5d31b8498ec34e574f85109a61a99a40', '98d8e713825d179e373fc5109ace380d', '49d0aaa31de59118ce0f2d0e14b84303', '9deb67d0b7911124084f004526cff3a9', '6698a0e43f9fea101cd9d0238199dc76', 'f05aa100327fcddf79bea789cd166839', '34fe94618a294974525e727d3f47cf68', 'ab641812b891ca676ce63689833e5bd3', '00f758ea0db97abb62e044d9a6ecbbbd', 'ba0f7730a94fca0c143e821741d666e1', '1d6617a8d9a09cf0e4b945ee84ff7a0c', '9b14b6f08c126fdc0e3457880a802d7e', '7754de2dde71bf9a5b2ab10c34687108', '5e71132e3b5f77a130b7398cb4161f6d', '540eeba6f0d5419a18d312fa5a27f384', 'f9bae41749c8f3921b9c1cd81170469d', 'ee4b7a96335921eb5d2641cce25694ae', 'f83848f03b62c7c9df3dc90a56ff686f', '41b7abb58f9741be25d51382c1aa5814', 'b6ed76e418ccb7ee072bc7abff7761ef', '5c0313e7191ea2d9649ce56981bd2abc', '3598b7ee8594fa3274ab07faea06c329', '48708fc64c01e19e5e38a6ed1e603f8d', 'a59ac88a527b560742fcd7ce6129c072', '7e86805890ff479d70884bb0e544196f', '4128649bf825e4644f636150a0840c68', '19a5091afdcfe3123b1f78ef25ebca5c', 'db85c50f80d67762e532c56a7ac952fc', '3fba430655b3af75c6f71165644646e0', 'b162ff89581676550578159b6ccb52bf', 'f77a1abb879b715f6d22a6e170a1207c', '6bfe5986beddfd1917450ddb25ddf003', '13b9b868acd98b99d6e58814c7a8fece', '20c624ce25ede7d7601af841fe653ce8', 'e17225ede3bb7b238ab9687c968ad13a', 'fc16f966f2d00a3221912a82dcdb86d0', '5a183a62f3313e304b0e503813313e05', '303f718de7478e3fbf83de19903bcc4a', 'f800273163822c6198bb799f83318137', '6b4709368d8ea0bb25e064c23b522dee', '747ce4ed09dc590fdc460ef01e3b3565', '725fa33262a87b4f60b0804c2d26d672', '718f02eab825d4a81f954825f8e14b6c', '0ba4dee131601c05a7aef1198cd4a916', '2f1c1128455476a68e7c30764464c136', '2b8f74227d9b9a9169651b28bdb155a9', '2e419b0b0e200bc6d9d5bb59dc48e81f', '7a21a64c7e9d092407d6a8ee6d3b092a', '717463d99484bc1c31badbdf4d17fee6', '5fb120ede56448de8d90102d0adf3c11', '2d0e190cdb8603af67948b23509226ca', 'bdbfc77d94087f541677bf44d4ca97f8', 'e436c3a20fdff446a30078d7e70514a4']"
origin_country,"[nan, 'AUSTRALIA', 'UNITED STATES', 'UNITED KINGDOM', 'RUSSIA', 'GERMANY', 'SWITZERLAND', 'NETHERLANDS', 'AUSTRIA', 'ITALY', 'FRANCE', 'CANADA', 'UKRAINE', 'TURKEY', 'JAPAN', 'ROMANIA', 'LATVIA', 'KAZAKHSTAN', 'BULGARIA', 'SPAIN', 'IP NOT FOUND IN DB', 'PORTUGAL', 'ESTONIA', 'IRELAND', 'POLAND', 'CZECH REPUBLIC', 'BRITISH VIRGIN ISLANDS', 'VIETNAM', 'IRAN', 'SOUTH AFRICA', 'INDIA', 'SINGAPORE', 'INDONESIA', 'TAIWAN, PROVINCE OF CHINA', 'DENMARK', 'BOSNIA AND HERZEGOVINA', 'THAILAND', 'HUNGARY', 'CROATIA', 'MALAYSIA', 'SLOVENIA', 'GREECE', 'HONG KONG', 'SWEDEN', 'BELGIUM', 'CHILE', 'BRAZIL', 'NEW ZEALAND', 'BELIZE', 'EUROPEAN UNION', 'CHINA', 'REPUBLIC OF KOREA', 'GEORGIA', 'SLOVAK REPUBLIC', 'ARGENTINA', 'MEXICO', 'ZIMBABWE', 'CYPRUS', 'LITHUANIA', 'MOROCCO', 'ISRAEL', 'BELARUS', 'BANGLADESH', 'PHILIPPINES', 'SEYCHELLES', 'CAYMAN ISLANDS', 'NORWAY', 'CAMEROON', 'PAKISTAN', 'EGYPT', 'TUNISIA', 'ICELAND', 'SYRIA', 'SAUDI ARABIA', 'LUXEMBOURG', 'UNITED ARAB EMIRATES', 'FINLAND', 'BOLIVIA', 'COLOMBIA', 'SERBIA', 'PERU', 'REPUBLIC OF MOLDOVA', 'VENEZUELA, BOLIVARIAN REPUBLIC OF', 'GUATEMALA', 'PANAMA', 'KENYA', 'UNKNOWN', 'HAITI', 'COSTA RICA', 'NOT FOUND', 'LIECHTENSTEIN', 'TANZANIA', 'LIBYA', 'MALAWI', 'UZBEKISTAN', 'AZERBAIJAN', 'ISLE OF MAN', 'URUGUAY', 'KUWAIT', 'ECUADOR']"
registrar,"[None, 'CHOOPA, LLC', 'DIGITALOCEAN, LLC', 'ITL-BULGARIA LTD.', 'MCHOST.RU', 'ADMAN LLC', 'HETZNER ONLINE GMBH', 'CONFLUENCE NETWORKS INC', 'RECONN. OPERATOR SVYAZI, LLC', 'PETERSBURG INTERNET NETWORK LTD.', 'INPUT OUTPUT FLOOD LLC', 'EDIS GMBH', 'CDLAN S.R.L.', '23MEDIA GMBH', 'JSC THE FIRST', 'OVH SAS', 'NFORCE ENTERTAINMENT B.V.', 'MIR TELEMATIKI LTD', 'PE FREEHOST', 'SEDINKIN OLEXANDR VALERIYOVUCH', 'FLOWSPEC LTD', 'ISTANBULDC VERI MERKEZI LTD STI', 'HURRICANE ELECTRIC LLC', 'FLOKINET LTD', 'PE VIKTOR TYURIN', 'HOST SAILOR LTD.', 'HOSTING OPERATOR ESERVER.RU LTD.', 'MAROSNET TELECOMMUNICATION COMPANY LLC', 'BUSINESS CONSULTING LLC', 'IT_SERVICES', 'ITL LLC', 'ASN NOT FOUND IN DB', 'IT OUTSOURCING LLC', 'LEASEWEB DEUTSCHLAND GMBH', 'OOO NETWORK OF DATA-CENTERS SELECTEL', 'PS INTERNET COMPANY LLC', 'DOMAIN NAMES REGISTRAR REG.RU, LTD', 'LTD HOSTPRO LAB', 'QUICKSOFT LLC', 'LLC INTERNET TEHNOLOGII', 'MULGIN ALEXANDER SERGEEVICH', 'LLC SMART APE', 'HOST EUROPE GMBH', 'SURFNET BV', 'COMVIVE SERVIDORES S.L.', 'WEBZILLA B.V.', 'PP EURONET', 'HIVELOCITY, INC.', 'MNOGOBYTE LLC', 'ONLINE S.A.S.', 'RUSCOM LTD.', 'CLARANET LTD', 'UKRAINIAN INTERNET NAMES CENTER LTD', 'LEASEWEB USA, INC.', 'STEADFAST', 'CITIC TELECOM CPC NETHERLANDS B.V.', 'JSC RTCOMM.RU', 'MAXNET TELECOM, LTD', 'RELINK LTD', 'LINODE, LLC', 'VODAFONE ITALIA S.P.A.', 'INFIUM, UAB', 'LLC BAXET', 'LLC TC TEL CENTER', 'IOMART CLOUD SERVICES LIMITED', 'FIRST COLO GMBH', 'MELBIKOMAS UAB', 'LEASEWEB NETHERLANDS B.V.', 'AMAZON.COM, INC.', ""JOE'S DATACENTER, LLC"", 'SPACEWEB LTD', 'FISHNET COMMUNICATIONS LLC', 'OKAY-TELECOM LTD.', 'DATAPRO LIMITED LIABILITY COMPANY', 'STEK KAZAN LLC', 'KEYWEB AG', 'MOD MISSION CRITICAL LLC', 'LLC DIGITAL NETWORK', 'MIRAN LTD.', 'WORLDSTREAM B.V.', 'HOST4BIZ SP. Z O.O.', 'FLP ANOPRIENKO ARTEM ARKADEVICH', 'LLC RUWEB', 'VOLIA', 'HOST-TELECOM.COM S.R.O.', 'PRIVATE ENTREPRISE ZHARKOV MUKOLA MUKOLAYOVUCH', 'ARTPLANET LLC', 'SINAROHOST LTD', 'LUCKY NET LTD', 'ROSTELECOM', 'ADVANCED SOLUTIONS LLC', 'OPTIBIT LLC', 'LLC CAMPUS NETWORKS', ""SEFLOW S.N.C. DI MARCO BRAME' & C."", 'QWARTA LLC', 'QUADRANET ENTERPRISES LLC', 'DANESCO TRADING LTD.', 'GODADDY.COM, LLC', 'NAMECHEAP', 'SOFTLAYER TECHNOLOGIES INC.']"
reverse_lookup,"[nan, 'knigazdorovya.com.', 'coriandertest.hmdnsgroup.com.', 'hosted-by.blazingfast.io.', 'mccfortwayne.org.', '125.0-255.4.200.84.in-addr.arpa.', 'ec2-54-72-9-51.eu-west-1.compute.amazonaws.com.', 'ec2-52-207-234-89.compute-1.amazonaws.com.', '60-250-76-52.HINET-IP.hinet.net.', 'vds-tibca.timeweb.ru.', 'ec2-35-166-113-223.us-west-2.compute.amazonaws.com.', 'sg2nlhg800c1800.shr.prod.sin2.secureserver.net.', 'webx440.aruba.it.', 'server3.e-cbncloud.co.id.', '62695.simplecloud.club.', 'xvm-169-132.ghst.net.', 'cluster017.ovh.net.', 'web02.chillydomains.com.', '206.0/24.16.99.209.in-addr.arpa.', 'ru2.com.', '50-87-153-96.unifiedlayer.com.', 'bzq-67-44.red.bezeqint.net.', '60567.simplecloud.club.', 'customer.worldstream.nl.', 'pyptech.net.', 'zaphod3-1.hostweb.de.', 'esja.orangewebsite.com.', 'host107-195-149-62.serverdedicati.aruba.it.', 'lb-212-222.above.com.', 'ip-166-62-28-83.ip.secureserver.net.', 'ns308230.ip-94-23-236.eu.', 's210.loopia.se.', 'web234.webfaction.com.', 'www.enchantier.com.', 'cloudserver092054.home.net.pl.', 'host62-189-110-95.serverdedicati.aruba.it.', 'web.alias.twt.it.', 'jmhlmd41.colt-engine.it.', 'static.vdc.vn.', 'host7-11-37-46.serverdedicati.aruba.it.', 'ceisystems.it.', 'host237-246-static.58-79-b.business.telecomitalia.it.', '193-44-13-93.net.tnm.se.', 'w461.widhost.net.', '94-73-151-5.cizgi.net.tr.', 'ec2-23-23-85-3.compute-1.amazonaws.com.', 'mail.ebnserver1.com.', 'n1nlhg198c1198.shr.prod.ams1.secureserver.net.', 'www53.totaalholding.nl.', 'israsky.com.', 'ip-160-153-63-4.ip.secureserver.net.', '23.0-127.253.219.200.in-addr.arpa.', 'infra23.imacomsolucoes.com.br.', '179.67.12.198.host.nwnx.net.', 'm2304.sgded.com.', 'wa0.rzone.de.', 'h2543039.stratoserver.net.', 'nginx1.vosuites.cl.', 'perso112-g5.free.fr.', 'vserv.cifnet.com.', 'rageresearch.com.', 'srv047134.webreus.nl.', 'ip-107-180-26-77.ip.secureserver.net.', 'mx.standingdesk.co.il.', 'static-ip-188-138-68-160.inaddr.ip-pool.com.', 'websn2s072.aruba.it.', 'srv-hs2-112.netsons.net.', 'ns387.websitewelcome.com.', 'www6.grakka.net.', '95.105.27.11.dynamic.oktgs.ufanet.ru.', 's-176-104-18-152.under.net.ua.', 'datousaurus.mschosting.com.', 'aon56.rev.netart.pl.', 'bartolome.colombiahosting.com.co.', 'basic-cdn-01.cluster003.ovh.net.', 'mail.360at.net.', 'acf113.rev.netart.pl.', 'sg2nlhg500c1500.shr.prod.sin2.secureserver.net.', 'p3nlhg498c1498.shr.prod.phx3.secureserver.net.', '173-254-37-144.unifiedlayer.com.', 'h2402507.stratoserver.net.', 'web192.extendcp.co.uk.', 'dgws10s3-1-5db.ispgateway.de.', 'szinhaz.hu.', 'vchicken.oval.it.', 'twiga-ip5.tanzaniawebhosting.com.', 'vz110372.eurodir.ru.', 'ip-50-63-56-47.ip.secureserver.net.', 'ip-160-153-16-29.ip.secureserver.net.', 'mb2d101.vdrs.net.', 'h155.cpanellogin.net.', 'glulife.glulife.com.', 'ptr-155.133.18.117.vmline.pl.', 'apache2-bongo.koechlin.dreamhost.com.', 's13v.webindex.ro.', 'm2.yoda.beget.ru.', 'd6828.core-vps.lv.', 'gasco.com.sa.', 'a184-50-238-184.deploy.static.akamaitechnologies.com.', 'ec2-52-10-128-168.us-west-2.compute.amazonaws.com.']"
scraper,"['Botnets', 'C2Feed', 'CtaCryptowall', 'Feodo', 'GeneralMalware', 'HostsFileNet', 'Malcode', 'MalwareConfig', 'MalwareDomains', 'Mdl', 'Phishing', 'Phishtank', 'Ponmocup', 'Ransomware', 'RansomwareTracker', 'Spyware', 'Sslbl', 'UrlhausAbuse', 'UrlhausPayloads', 'Viruses', 'Zeus']"
sha256,"[nan, '01de61f4fd7dc2cf4e19c533b42f5ddf93d1c5116e374212480b088f0d2def4f', '219c7b1dcf27254d58469dcc3570c5cdbdf8a7626c2dda43072560dee610557f', '8e8acd8384ed6ed5dc388ed29ceaa4c267cb55b54e1fc35f6eb4ac74e3942785', 'd0ca36a54f070e73c5c493af3e1c99e9d4789236f452ec191ed0a2f4f116bbea', 'f3e132fabdbd94a496e72bf791546757df4e8f587cad37deb6e5ac271e1bbe8a', 'c894a18cfd85535ce6eaf14aadca0651fb8d31d0bc91dfedaf0636437d4ac120', 'a85392cb7ebc6ab38be721a0453e0537cd34bbdf3315f4c23f336b6356cb664a', '551dd3628f0f66c2e196263ab4cf5561dd27ba5f59c196175d6161ca92001ce3', 'a3180afc5704b8df2653b952aef24d4987931ad4f8ef971d62e9245aa509c06b', '49679b63f75dd514488862868163c2443d792634db4344c6f1760dc3aa0d8b23', '00400ae070556cf8553fbe1bdb4ff54167319a9c05de3f46ea3e63a3dac62db0', '1c895a90e8e37ded1ca4071e634fd6e0a044794983ae6aec99565add5f3fad8e', '8b66b32d51cbbee215c3fddfce018de7d8ee99037b5278b0ea6a65cc4ce09344', '22cc3f40dc6a0ac9569073ab4ac8c07b66c252b93cbd3fcb8af1e98da484affa', 'ceae52a26afacbce5dd41d1364c1dc2d6056bf86bbc5e6266d45a7a8d8ca1fc5', 'de9b7997dbddaae02d6be3a2aea741d1a5b3578735297930670aaa7d72722c54', 'b315a27127471bb42610c4c590720f243087ef8393677845545f46f0f9253d71', '6dbd04a4c2cb73861bb925af4fe46ad8f5cdb8ec98c3e36b3f2402932549f676', '40c1c33af0da1179bc43a54ae239197c1337db01e67efae72d38171d31815d50', '42b4ab30d8db040add6ab5c7b3da6a479545d866952063037276033bee6257e1', '227b07bd5b997ad4b2a5c552cc3010e019ca224cb8eecb36376970af22b793c5', '259d499192e47420004aaed2807fbfadf2ea6570915cba072960c9b7f8257fee', '327cf15399f1cc92057a87b9da1ec6181060dd6bfb30829885eae3d9fa64435b', '8354d74ba89472e8f35b0b13c0e1b9c67206ec591d98fa01011aaba99bbc9d38', '96854cd0802e6a834f185cf9532450081b990bf7a3670345698affc21608d07d', '00197367f792782cba2895b3c242cf887595052f3178f8d314355bf1b79f6557', 'b48dfab829d2a0f33f72066eaa122717fe3e4cef433eaabbb5f29763f2adc17a', 'bf90c5b9ff89a5031950522ec624761cab04827658c58f4b312d485368daff7d', 'ce730b9a756b00833b243aa2b0302b2627b0ab99a43da875ea05e42ddfa8407b', 'da5cf19c66406c02f3b51291ac240d3adf901f31524784fb5c1f08f9446e6baa', 'f8fd808a238b5f0c4d5b2d45868aee6ec392b8c9157d5569e0bc78ee15fe826d', '0d66336e70e79daa7a00a07647b05559722f251635bd7b1d51283a30cf541093', 'b34074fc92a6133e2f5fbb320446ad7e4e888981f50706519de4e837be3af16b', 'e614eb5ce94a678f9304665f39d271ef9b9417b73f23c04a2d9fb1d994f6e32e', '2d896e659170a93a90b109f795e1db47d5f8255e748d503c4b5948f3e0ada18d', 'cef5cf0f593f20310b904e39c3120be8a4781a3fdb2b6737e61f411aec7415d1', 'dcc269152d7488834cec6e874c22cc69937a83f2c3191d08260618c315f9485a', '16f797a0183c5253d6ffd1df80965aaa40baa47a9e64e4d22437913c11ba8c97', '4d7e7c68b7b27c1c5583dba5e5de26ffc926125cca226496b3861d491f5cf884', 'd4d8ae9304320fb1ee477251c74844aed0348412d3f46f2868d0c39c1a2b4def', '5f7b1388ef01a69e5f35c7d5d960aaf5677737eff29785eb070b9290d56bbf57', 'c3a8b0ef91afd7dac24efdde080e38a1f37f405c821fde0e9571376ed4fae797', '7773559d2171c39c0ea08e106ec100745d1ce5257df8552222f38720e367dfec', '0f29f8ab0de6dbd2324b951b743a9d9b792fddab55f89602dca530a17f0566f4', '8f82fe4f05cd2dd15c1d0a470038f97f874802b5137adf8c74585bae4a9e95aa', '0d3920532fd535db9c79cf538f3c8efe9acb17f1a630c9ee1dcc82532ddf19c2', '5ace30ca4dfb0a578832787f82d3b43d3aa5e46bb055129d74fb4a4c0d565205', '93ed25993f88687f5af82d024ce54a4c38f229074585f60de958e362b3459103', 'a748f16b9ff1e3d263f87b6056fa86f835f3cc275d41c2707d87fda203b6687b', 'b98a0aac1bc69a7395302ad4e6a5f936a327360f26bd5c5a7648f4ea614a6213', '1efd50dac6ce89ea9f0b9e32c37f705bac10a994e63a1623b7fd5ecc85f57e06', 'a393e724f1356b9fc6e6e088ae305bd71689850535c99ca44578ce551ba7ea1a', '4fb57b5b0f24417bde78d21b35bec340a980533f0e445a63d308cc6fb45dfc7c', '0a2e520cab080584c588afcfa7e41556d9591980763c69f3ee93fc62c8d26275', '28c95ae98bc66f3bf3b4f02013bda5ba0e1b42c6cb952b402a9463d92fa44e35', '55378e0ab6f691d7313cf6aa7eea9edede59b6974664f0f63086e8b395f5e673', 'bf738a79fcfd2bf2b4d60bdb10b66b4bf0f8680b5996b69d13c1f47edde71e75', 'c02b515015a0008a19136ae511833902649f24f1d88a51f7e2d9082aeee51264', 'fcfbca7d252e38e2119b81a2a02a1deb255aa51c44a95467d0425f7184dd583d', '219f1f2cb9364a592018323d68346a9930042038d16fca53f7013607c62964ef', '4896a15586c8054b3b664160969d1aba7f7ac22aa9078236341d3649ce04cd3f', '15171991f1ab79ba86d4c682c693b8c2622a5f8f967a4a7f804f3f7862706129', 'f0638c426449b1e779c79ee355595f90e9405b0bfc907118c71c71c3b61a188d', '1a78800ccaf9bacf089a1f76ec6340e2f5fb2e7b9cbc6f5fdc86ae47e30cace5', 'cdb2d596da8c25ddea6b5c79b09a5d4a26dd1968a581439f93130c503b729986', '53f184a7bdf2b67148454207b6eb463cd01f0b4b57ed93f9b7792d1e7672b382', '217518449b09504b44ba86c6b0f17523c94c1e3c216637c63f9c56d05b6c268d', '1dd8776e1e16645e6ea0afc478308de04badccd5d78e71d178d913fce7b3bd3a', '377b7d1bb1d137bb64cfd5b1c735684a2f06cceb38da29f4cadacba51ef6f3f0', '84f28cdbf1e665706ed4532b8c13359a5eb6e3cb380e444bcd5fd55fa5765916', 'cc004ede04641bbf3ab20e82157c5ed9ba1f7312af09b5faf2deba23ce8f1123', 'd8da4f1c68034d8936fc9d1ffd6cccfd946b6aa10fe0e3cd59073394d123cb5c', '8aeea641f25974d3c0e994a8084f233df1e6f969cd3267609554a27895f42691', '255c2dcd70226202a8aed0a9dba065f878961de16354566af3cb6af1043642b3', 'b9789a7ad6165681e3f0645f4f682bc355b0c29c1e98b93aa0d403932cd4a772', '57eb9dc637f0e1e4be0ba9313d7910c7283f88353156797e92c87035f775ee9d', 'e864535e58be681fa5c2e633888ec055b720a49f3d74bcabcca6efdb7cd39db8', '91ce9ba3a77221c134e0065a4a253978f89315c1c4eb9e38f36e22808701cded', '8198f32dddec0f42e9ee59cbf4525df419283537f3b36f7eedc072a723f336d3', '0c3c8215977fb184b456c667f7b87dd7208c203568eeec20bf2f29ed6bea87b4', '7f6fd67a77dd882fce489061034580a5463b3aefc7e1be20609aebaa9cfb389f', 'e76e803022cec86e3828bd773ceedb303f63662360bcd43eb3b124493c861d80', 'e78f630e04527bcf8493fc655891cd1d3d76b0b6c20799af0eb5a287dc808a81', '9605db846de26018ee4325aa57f5e1860b5380b61fcde7b3c720f99f3ba9afb4', '1a5a3292f5d9ca152a6a05c37d61cd063005c7da458c58aea1f19b693c86f5af', '5a93e51e6f24bfd42e67a3db08ac03d2106be6ccbb0351f9cd2e8ef265f94986', '38bc01c1e1777f5efd020dabcd14884914b5bbcaa377260ddd714ce86a1b5d5e', '4002bdfdaa5cac176b095f67d7fe78d89cd586cbae959b63b4e2c8b80b155faa', 'a33982ac0c7d0ad62523ef3fd1616e7f0f125f25f13961855e6cb9f8791477e5', 'cbb5854a13eb53012c1e1799eaffa06057d4eadf0cc1a7eac77bf7c91180de23', 'db2f2fcc43699fe223ea4fb985116d2045d59a776e8907ac6cd85b5b06bfa736', 'e4b6286632bc497f6caf38f81bdae87166cd11bab29434a6619ef35400eedeaa', '3912fb9bf0bc3acce44b05940cf057c793b8fa874269c11c64347e54ecef00c0', '0606347cf906ae747f28e2b98f05dcd1b2d35880e0f07385a071771a20b6216b', 'd507b40d0524fe1c45d1021b95bc48851961fadfddcc1d709428c68e7cd00d55', 'f681a983d847e8ac1870dce573ff7929eb1610e29e54384689660fd1026f0e9d', 'ef4553b885257df52ffed961a2815f798723d14ed0f25e42eee47a3de0fb0819', '2f1198d2f0a378afff5c565d8e0ed79d9fa28ac30b2d5ad23bf6416d5dbc9604', '810eb3cf77e274abb6314d148dfbfed9b856c406b1bb434272a81d2b932aa65f']"
status,"['online', 'offline', nan, 'unknown']"
url,"['http://134.209.27.131/armv7l', 'http://134.209.27.131/i586', 'http://134.209.27.131/x86', 'http://134.209.37.7/Execution.m68k', 'http://134.209.37.7/Execution.mips', 'http://134.209.37.7/Execution.sparc', 'http://134.209.37.7/Execution.x86', 'http://157.230.24.242/zehir/z3hir.arm', 'http://157.230.24.242/zehir/z3hir.arm5', 'http://157.230.24.242/zehir/z3hir.arm6', 'http://157.230.24.242/zehir/z3hir.arm7', 'http://157.230.24.242/zehir/z3hir.m68k', 'http://157.230.24.242/zehir/z3hir.ppc', 'http://157.230.24.242/zehir/z3hir.sh4', 'http://159.65.74.138/Execution.i686', 'http://159.65.74.138/Execution.mpsl', 'http://159.65.74.138/Execution.sparc', 'http://159.89.47.108/yakuza.mips', 'http://159.89.47.108/yakuza.ppc', 'http://165.22.245.240/Demon.mips', 'http://165.22.245.240/Demon.mpsl', 'http://185.186.244.186/apache2', 'http://185.186.244.186/bash', 'http://185.186.244.186/cron', 'http://185.186.244.186/ntpd', 'http://185.186.244.186/openssh', 'http://185.186.244.186/pftp', 'http://185.186.244.186/sh', 'http://185.186.244.186/sshd', 'http://185.186.244.186/tftp', 'http://192.236.161.54/atxhua', 'http://192.236.161.54/fwdfvf', 'http://192.236.161.54/qvmxvl', 'http://196.52.9.47/jjsss.exe', 'http://196.52.9.47/postre1.exe', 'http://200.136.213.77/MS11-062.exe', 'http://200.136.213.77/shell.exe', 'http://200.136.213.77/shellVM.exe', 'http://40.68.153.230/mal/044b90ae2c5d7cfef284d86d420d2fecc0b3921238ca4ca98d887c7c3d36cc34.bin', 'http://40.68.153.230/mal/454a6b857017504870fc2602ea994303e76fd9b461148b766446f4052dd67144.bin', 'http://40.68.153.230/mal/6c49079f7eebde4474b071e271d7d6aaba87f00656fd3a413614d529fb3c2933.bin', 'http://40.68.153.230/mal/76f3802b4ad5976e989e3c3e3870df43887fbcb935f730db3ce1d3b708494619.bin', 'http://40.68.153.230/mal/a58b1cd465ab3b197b63e4a55acfd718c7a7d3a893e2f46128359ec374303ca7.bin', 'http://40.68.153.230/mal/c83e2477a2c5ce14657f6161bd92b6ac7af220289a11e8d0fdbe707f4746f383.bin', 'http://40.68.153.230/mal/cbcbb25bf429bcbf62bfd52318955f38a14057b14554b388fc59ceeb0a07177c.bin', 'http://40.68.153.230/mal2/03026aead7a832ca72d05ccd5356bc3475b98b4695b6b73ba24fd65faf336447.bin', 'http://40.68.153.230/mal2/40e57f8fd2340696b7ee85be5b95777f7caefa5db48f386cdf85ffbbebac3151.bin', 'http://40.68.153.230/mal2/81082fe9603a2de82ec5442406493ca9f84557837ce39440caf3832a15dd2efa.bin', 'http://40.68.153.230/mal2/96e0d7bde792037742b7ba07e40ac9fb085946ef597ebb4354ac435312bd27a9.bin', 'http://40.68.153.230/mal2/c3453c92b81203b093cfa8a26b9050bd51391554c4bbdee04059623e4c0e7e87_yQNExQKAHY.bin', 'http://40.68.153.230/mal2/c954c779dce4e404431b1590bd4633daa94e3c7c07b27394a15bda784c071c03_DPnLPQ6iUQ.bin', 'http://40.68.153.230/mal2/fabdade5b17d7c8b4c05d29d544c3da9c54902b744e769a2d2147c91eb49260e_idHvfjVI1P.bin', 'http://40.68.153.230/mal3/1458be78f55705d44f707565f7ef047869be5190d3e60b799e7ae0177d4ffccb.exe', 'http://40.68.153.230/mal3/71e48c1151903a7d2ccf74da16f599597cf5b7557e3bd24de0f9af5534b394e2_nF04iwvazC.exe', 'http://40.68.153.230/mal3/da88a3976774e05a486dfc8006f957eda7e524830599cfbb9714dce5aac666d3.exe', 'http://40.68.153.230/mal3/defdd348ef2f8842b2528ddd6733cc096ad01ea3fb4ca028f50f72e9c7afa152.exe', 'http://40.68.153.230/mal3/ec9d2e4ef51929bf62efc1bab0789cd2c3c85d067613308570f2ddcd271e9468.exe', 'http://40.68.153.230/mal4/c9c308c9410017e83abae037025f698c676aaeaa3db30c5fc42c1748e2d313cd.exe', 'http://45.76.216.23/elevator.exe', 'http://45.76.216.23/rev_http_53.exe', 'http://62.210.144.185/ftp', 'http://62.210.144.185/ntpd', 'http://62.210.144.185/sshd', 'http://Mozilla.theworkpc.com/cc.exe', 'http://daodivine.com/wp-content/sec.accounts.send.biz', 'http://down.klldddiso.xyz/dll2/e12fefa8771fb741.exe.dat', 'http://down.klldddiso.xyz/dll2/js/wcrx.dll.dat', 'http://down.klldddiso.xyz/dll2/server.dat', 'http://down.klldddiso.xyz/dll2/server.exe.dat', 'http://down.klldddiso.xyz/dll2/syscheck1.dat', 'http://downcleardown.xyz/a1.exe', 'http://downcleardown.xyz/a3.exe', 'http://electromada.com/Smarts.jpg', 'http://grindbasez.com/base/RT.exe', 'http://ililililililililil.hopto.org/shiina/shiina.arm', 'http://ililililililililil.hopto.org/shiina/shiina.arm5', 'http://ililililililililil.hopto.org/shiina/shiina.arm6', 'http://ililililililililil.hopto.org/shiina/shiina.arm7', 'http://ililililililililil.hopto.org/shiina/shiina.i686', 'http://ililililililililil.hopto.org/shiina/shiina.m68k', 'http://ililililililililil.hopto.org/shiina/shiina.mips', 'http://ililililililililil.hopto.org/shiina/shiina.mips64', 'http://ililililililililil.hopto.org/shiina/shiina.mpsl', 'http://ililililililililil.hopto.org/shiina/shiina.ppc', 'http://ililililililililil.hopto.org/shiina/shiina.sh4', 'http://ililililililililil.hopto.org/shiina/shiina.spc', 'http://ililililililililil.hopto.org/shiina/shiina.x86', 'http://ililililililililil.hopto.org/shiina/shiina.x86_64', 'http://leorentacars.com/Skype_App.exe', 'http://maindb.ir/nokte/nokte.exe', 'http://onlineservices.fawmatt.com.au/AppStore/ALL-Domainless/Drives/SyncScriptSetup.exe', 'http://ortomez.mx/server.exe', 'http://pouring.ac.ug/certificate.pem', 'http://protectiadatelor.biz/js/Bab1/baba.doc', 'http://psksalma.ru/d/1378763/d/setupxl20281116393.exe', 'http://secured.icbegypt.com/CHROME.123', 'http://www.downcleardown.xyz/a3.exe', 'http://xufing.myweb.hinet.net/sgw_th_v088_2017-01-05.exe', 'https://cdn.discordapp.com/attachments/574321395094519809/574614788202561537/onetap.su_crack1.exe', 'https://cdn.discordapp.com/attachments/574585696191512619/574585792794460181/Robux_Generator.exe']"
year,"[numpy.datetime64('2008-01-01T00:00:00.000000000'), numpy.datetime64('2009-01-01T00:00:00.000000000'), numpy.datetime64('2010-01-01T00:00:00.000000000'), numpy.datetime64('2011-01-01T00:00:00.000000000'), numpy.datetime64('2012-01-01T00:00:00.000000000'), numpy.datetime64('2013-01-01T00:00:00.000000000'), numpy.datetime64('2014-01-01T00:00:00.000000000'), numpy.datetime64('2015-01-01T00:00:00.000000000'), numpy.datetime64('2016-01-01T00:00:00.000000000'), numpy.datetime64('2017-01-01T00:00:00.000000000'), numpy.datetime64('2018-01-01T00:00:00.000000000'), numpy.datetime64('2019-01-01T00:00:00.000000000'), numpy.datetime64('NaT')]"
year-month,"[numpy.datetime64('2015-04-01T00:00:00.000000000'), numpy.datetime64('2015-06-01T00:00:00.000000000'), numpy.datetime64('2015-07-01T00:00:00.000000000'), numpy.datetime64('2015-08-01T00:00:00.000000000'), numpy.datetime64('2015-09-01T00:00:00.000000000'), numpy.datetime64('2015-10-01T00:00:00.000000000'), numpy.datetime64('2015-11-01T00:00:00.000000000'), numpy.datetime64('2015-12-01T00:00:00.000000000'), numpy.datetime64('2016-01-01T00:00:00.000000000'), numpy.datetime64('2016-02-01T00:00:00.000000000'), numpy.datetime64('2016-03-01T00:00:00.000000000'), numpy.datetime64('2016-04-01T00:00:00.000000000'), numpy.datetime64('2016-05-01T00:00:00.000000000'), numpy.datetime64('2016-06-01T00:00:00.000000000'), numpy.datetime64('2016-07-01T00:00:00.000000000'), numpy.datetime64('2016-08-01T00:00:00.000000000'), numpy.datetime64('2016-09-01T00:00:00.000000000'), numpy.datetime64('2016-10-01T00:00:00.000000000'), numpy.datetime64('2016-11-01T00:00:00.000000000'), numpy.datetime64('2016-12-01T00:00:00.000000000'), numpy.datetime64('2017-01-01T00:00:00.000000000'), numpy.datetime64('2017-02-01T00:00:00.000000000'), numpy.datetime64('2017-03-01T00:00:00.000000000'), numpy.datetime64('2017-04-01T00:00:00.000000000'), numpy.datetime64('2017-05-01T00:00:00.000000000'), numpy.datetime64('2017-06-01T00:00:00.000000000'), numpy.datetime64('2017-07-01T00:00:00.000000000'), numpy.datetime64('2017-08-01T00:00:00.000000000'), numpy.datetime64('2017-09-01T00:00:00.000000000'), numpy.datetime64('2017-10-01T00:00:00.000000000'), numpy.datetime64('2017-11-01T00:00:00.000000000'), numpy.datetime64('2017-12-01T00:00:00.000000000'), numpy.datetime64('2018-01-01T00:00:00.000000000'), numpy.datetime64('2018-02-01T00:00:00.000000000'), numpy.datetime64('2018-03-01T00:00:00.000000000'), numpy.datetime64('2018-04-01T00:00:00.000000000'), numpy.datetime64('2018-05-01T00:00:00.000000000'), numpy.datetime64('2018-06-01T00:00:00.000000000'), numpy.datetime64('2018-07-01T00:00:00.000000000'), numpy.datetime64('2018-08-01T00:00:00.000000000'), numpy.datetime64('2018-09-01T00:00:00.000000000'), numpy.datetime64('2018-10-01T00:00:00.000000000'), numpy.datetime64('2018-11-01T00:00:00.000000000'), numpy.datetime64('2018-12-01T00:00:00.000000000'), numpy.datetime64('2019-01-01T00:00:00.000000000'), numpy.datetime64('2019-02-01T00:00:00.000000000'), numpy.datetime64('2019-03-01T00:00:00.000000000'), numpy.datetime64('2019-04-01T00:00:00.000000000'), numpy.datetime64('2019-05-01T00:00:00.000000000'), numpy.datetime64('NaT'), numpy.datetime64('2010-11-01T00:00:00.000000000'), numpy.datetime64('2010-12-01T00:00:00.000000000'), numpy.datetime64('2011-01-01T00:00:00.000000000'), numpy.datetime64('2011-02-01T00:00:00.000000000'), numpy.datetime64('2011-03-01T00:00:00.000000000'), numpy.datetime64('2011-04-01T00:00:00.000000000'), numpy.datetime64('2011-05-01T00:00:00.000000000'), numpy.datetime64('2011-07-01T00:00:00.000000000'), numpy.datetime64('2011-08-01T00:00:00.000000000'), numpy.datetime64('2011-09-01T00:00:00.000000000'), numpy.datetime64('2011-10-01T00:00:00.000000000'), numpy.datetime64('2011-11-01T00:00:00.000000000'), numpy.datetime64('2012-02-01T00:00:00.000000000'), numpy.datetime64('2012-03-01T00:00:00.000000000'), numpy.datetime64('2012-04-01T00:00:00.000000000'), numpy.datetime64('2012-05-01T00:00:00.000000000'), numpy.datetime64('2012-06-01T00:00:00.000000000'), numpy.datetime64('2012-07-01T00:00:00.000000000'), numpy.datetime64('2012-08-01T00:00:00.000000000'), numpy.datetime64('2012-10-01T00:00:00.000000000'), numpy.datetime64('2012-11-01T00:00:00.000000000'), numpy.datetime64('2012-12-01T00:00:00.000000000'), numpy.datetime64('2013-01-01T00:00:00.000000000'), numpy.datetime64('2013-02-01T00:00:00.000000000'), numpy.datetime64('2013-03-01T00:00:00.000000000'), numpy.datetime64('2013-04-01T00:00:00.000000000'), numpy.datetime64('2013-05-01T00:00:00.000000000'), numpy.datetime64('2013-06-01T00:00:00.000000000'), numpy.datetime64('2013-07-01T00:00:00.000000000'), numpy.datetime64('2013-08-01T00:00:00.000000000'), numpy.datetime64('2013-09-01T00:00:00.000000000'), numpy.datetime64('2013-10-01T00:00:00.000000000'), numpy.datetime64('2013-11-01T00:00:00.000000000'), numpy.datetime64('2013-12-01T00:00:00.000000000'), numpy.datetime64('2014-01-01T00:00:00.000000000'), numpy.datetime64('2014-02-01T00:00:00.000000000'), numpy.datetime64('2014-03-01T00:00:00.000000000'), numpy.datetime64('2014-04-01T00:00:00.000000000'), numpy.datetime64('2014-05-01T00:00:00.000000000'), numpy.datetime64('2014-06-01T00:00:00.000000000'), numpy.datetime64('2014-07-01T00:00:00.000000000'), numpy.datetime64('2014-08-01T00:00:00.000000000'), numpy.datetime64('2014-09-01T00:00:00.000000000'), numpy.datetime64('2014-10-01T00:00:00.000000000'), numpy.datetime64('2014-11-01T00:00:00.000000000'), numpy.datetime64('2014-12-01T00:00:00.000000000'), numpy.datetime64('2015-01-01T00:00:00.000000000'), numpy.datetime64('2015-02-01T00:00:00.000000000'), numpy.datetime64('2015-03-01T00:00:00.000000000'), numpy.datetime64('2015-05-01T00:00:00.000000000')]"
year-month-day,"[numpy.datetime64('2019-01-26T00:00:00.000000000'), numpy.datetime64('2019-01-27T00:00:00.000000000'), numpy.datetime64('2019-01-28T00:00:00.000000000'), numpy.datetime64('2019-01-29T00:00:00.000000000'), numpy.datetime64('2019-01-30T00:00:00.000000000'), numpy.datetime64('2019-01-31T00:00:00.000000000'), numpy.datetime64('2019-02-01T00:00:00.000000000'), numpy.datetime64('2019-02-02T00:00:00.000000000'), numpy.datetime64('2019-02-03T00:00:00.000000000'), numpy.datetime64('2019-02-04T00:00:00.000000000'), numpy.datetime64('2019-02-05T00:00:00.000000000'), numpy.datetime64('2019-02-06T00:00:00.000000000'), numpy.datetime64('2019-02-07T00:00:00.000000000'), numpy.datetime64('2019-02-08T00:00:00.000000000'), numpy.datetime64('2019-02-09T00:00:00.000000000'), numpy.datetime64('2019-02-10T00:00:00.000000000'), numpy.datetime64('2019-02-11T00:00:00.000000000'), numpy.datetime64('2019-02-12T00:00:00.000000000'), numpy.datetime64('2019-02-13T00:00:00.000000000'), numpy.datetime64('2019-02-14T00:00:00.000000000'), numpy.datetime64('2019-02-15T00:00:00.000000000'), numpy.datetime64('2019-02-16T00:00:00.000000000'), numpy.datetime64('2019-02-17T00:00:00.000000000'), numpy.datetime64('2019-02-18T00:00:00.000000000'), numpy.datetime64('2019-02-19T00:00:00.000000000'), numpy.datetime64('2019-02-20T00:00:00.000000000'), numpy.datetime64('2019-02-21T00:00:00.000000000'), numpy.datetime64('2019-02-22T00:00:00.000000000'), numpy.datetime64('2019-02-23T00:00:00.000000000'), numpy.datetime64('2019-02-24T00:00:00.000000000'), numpy.datetime64('2019-02-25T00:00:00.000000000'), numpy.datetime64('2019-02-26T00:00:00.000000000'), numpy.datetime64('2019-02-27T00:00:00.000000000'), numpy.datetime64('2019-02-28T00:00:00.000000000'), numpy.datetime64('2019-03-01T00:00:00.000000000'), numpy.datetime64('2019-03-02T00:00:00.000000000'), numpy.datetime64('2019-03-03T00:00:00.000000000'), numpy.datetime64('2019-03-04T00:00:00.000000000'), numpy.datetime64('2019-03-05T00:00:00.000000000'), numpy.datetime64('2019-03-06T00:00:00.000000000'), numpy.datetime64('2019-03-07T00:00:00.000000000'), numpy.datetime64('2019-03-08T00:00:00.000000000'), numpy.datetime64('2019-03-09T00:00:00.000000000'), numpy.datetime64('2019-03-10T00:00:00.000000000'), numpy.datetime64('2019-03-11T00:00:00.000000000'), numpy.datetime64('2019-03-12T00:00:00.000000000'), numpy.datetime64('2019-03-13T00:00:00.000000000'), numpy.datetime64('2019-03-14T00:00:00.000000000'), numpy.datetime64('2019-03-15T00:00:00.000000000'), numpy.datetime64('2019-03-16T00:00:00.000000000'), numpy.datetime64('2019-03-17T00:00:00.000000000'), numpy.datetime64('2019-03-18T00:00:00.000000000'), numpy.datetime64('2019-03-19T00:00:00.000000000'), numpy.datetime64('2019-03-20T00:00:00.000000000'), numpy.datetime64('2019-03-21T00:00:00.000000000'), numpy.datetime64('2019-03-22T00:00:00.000000000'), numpy.datetime64('2019-03-23T00:00:00.000000000'), numpy.datetime64('2019-03-24T00:00:00.000000000'), numpy.datetime64('2019-03-25T00:00:00.000000000'), numpy.datetime64('2019-03-26T00:00:00.000000000'), numpy.datetime64('2019-03-27T00:00:00.000000000'), numpy.datetime64('2019-03-28T00:00:00.000000000'), numpy.datetime64('2019-03-29T00:00:00.000000000'), numpy.datetime64('2019-03-30T00:00:00.000000000'), numpy.datetime64('2019-03-31T00:00:00.000000000'), numpy.datetime64('2019-04-01T00:00:00.000000000'), numpy.datetime64('2019-04-02T00:00:00.000000000'), numpy.datetime64('2019-04-03T00:00:00.000000000'), numpy.datetime64('2019-04-04T00:00:00.000000000'), numpy.datetime64('2019-04-05T00:00:00.000000000'), numpy.datetime64('2019-04-06T00:00:00.000000000'), numpy.datetime64('2019-04-07T00:00:00.000000000'), numpy.datetime64('2019-04-08T00:00:00.000000000'), numpy.datetime64('2019-04-09T00:00:00.000000000'), numpy.datetime64('2019-04-10T00:00:00.000000000'), numpy.datetime64('2019-04-11T00:00:00.000000000'), numpy.datetime64('2019-04-12T00:00:00.000000000'), numpy.datetime64('2019-04-13T00:00:00.000000000'), numpy.datetime64('2019-04-14T00:00:00.000000000'), numpy.datetime64('2019-04-15T00:00:00.000000000'), numpy.datetime64('2019-04-16T00:00:00.000000000'), numpy.datetime64('2019-04-17T00:00:00.000000000'), numpy.datetime64('2019-04-18T00:00:00.000000000'), numpy.datetime64('2019-04-19T00:00:00.000000000'), numpy.datetime64('2019-04-20T00:00:00.000000000'), numpy.datetime64('2019-04-21T00:00:00.000000000'), numpy.datetime64('2019-04-22T00:00:00.000000000'), numpy.datetime64('2019-04-23T00:00:00.000000000'), numpy.datetime64('2019-04-24T00:00:00.000000000'), numpy.datetime64('2019-04-25T00:00:00.000000000'), numpy.datetime64('2019-04-26T00:00:00.000000000'), numpy.datetime64('2019-04-27T00:00:00.000000000'), numpy.datetime64('2019-04-28T00:00:00.000000000'), numpy.datetime64('2019-04-29T00:00:00.000000000'), numpy.datetime64('2019-04-30T00:00:00.000000000'), numpy.datetime64('2019-05-01T00:00:00.000000000'), numpy.datetime64('2019-05-02T00:00:00.000000000'), numpy.datetime64('2019-05-03T00:00:00.000000000'), numpy.datetime64('2019-05-04T00:00:00.000000000'), numpy.datetime64('2019-05-05T00:00:00.000000000')]"
ip,"[nan, '103.224.182.250', '103.43.75.87', '104.131.182.103', '104.238.173.18', '107.170.20.33', '107.181.174.34', '107.181.187.228', '109.234.35.123', '109.234.35.128', '109.234.35.75', '109.237.111.168', '109.248.222.47', '109.248.222.50', '138.201.118.102', '138.201.93.46', '138.201.95.72', '139.59.147.0', '141.8.226.58', '146.120.110.46', '146.185.137.40', '146.185.155.126', '146.185.249.189', '148.163.73.29', '149.154.152.108', '149.154.157.14', '149.154.159.179', '149.154.68.190', '149.202.109.202', '149.202.52.215', '151.236.14.51', '151.236.15.226', '158.255.6.109', '158.255.6.115', '158.69.223.5', '164.132.40.47', '176.107.185.19', '176.114.3.173', '176.121.14.95', '176.31.127.168', '176.31.47.100', '176.53.21.105', '176.9.172.166', '178.62.232.244', '178.63.238.185', '184.105.192.2', '185.100.85.150', '185.102.136.67', '185.102.136.77', '185.106.122.38', '185.115.140.170', '185.117.153.176', '185.117.72.105', '185.117.72.94', '185.127.25.176', '185.129.148.6', '185.14.28.30', '185.14.29.188', '185.14.29.64', '185.14.30.97', '185.141.25.108', '185.141.25.150', '185.146.169.16', '185.159.128.119', '185.162.8.101', '185.162.8.94', '185.17.120.130', '185.179.190.31', '185.22.67.108', '185.22.67.27', '185.46.11.239', '185.46.11.73', '185.5.250.135', '185.67.2.156', '185.75.46.122', '185.75.46.4', '185.75.46.73', '185.80.148.137', '185.82.216.213', '185.82.216.45', '185.82.217.102', '185.82.217.29', '185.86.78.3', '185.92.220.35', '188.120.239.230', '188.127.230.60', '188.127.231.116', '188.127.231.124', '188.127.239.48', '188.127.239.53', '188.127.251.99', '188.138.88.184', '188.166.168.250', '192.121.16.196', '192.42.116.41', '192.71.213.69', '193.0.178.74', '193.124.180.6', '193.124.185.87', '193.32.68.48']"
asn,"[nan, '20473', '14061', '204957', '48282', '57494', '24940', '40034', '12722', '44050', '53755', '57169', '20836', '47447', '29182', '16276', '43350', '49335', '42331', '56485', '210138', '197328', '6939', '200651', '202423', '60117', '42244', '48666', '206440', '15615', '21100', 'ASN NOT FOUND IN DB', '64439', '28753', '50340', '48716', '43146', '196645', '62222', '45027', '59729', '201094', '56694', '8972', '1101', '39020', '35415', '205127', '29802', '42632', '197695', '50979', '12876', '39741', '8426', '49505', '197726', '30633', '32748', '3327', '8342', '15626', '34700', '56577', '63949', '12663', '50297', '51659', '52201', '20860', '44066', '56630', '60781', '16509', '19969', '44112', '43317', '199669', '200161', '60651', '31103', '39855', '12695', '41722', '49981', '61251', '197684', '49189', '25229', '51248', '48587', '49542', '62088', '3254', '12389', '57487', '8496', '50392', '49367', '50214']"
